site,status,health,root_stone,latitude,longitude,,
Front,Alive,Good,Yes,40.72433932,-73.80518011,,
Adjacent,Alive,Good,No,40.75662595,-73.89416679,,
Front,Alive,Good,No,40.67977677,-73.78846289,,
Front,Alive,Good,No,40.62274274,-74.0375434,,
Front,Alive,Good,No,40.5965141,-73.79762248,,
Front,Alive,Good,No,40.8268873,-73.94988854,,
Front,Alive,Fair,No,40.67134672,-73.89761379,,
Side,Alive,Good,No,40.63777439,-73.99869226,,
Front,Alive,Good,No,40.69666784,-73.85308695,,
Front,Alive,Good,No,40.80896707,-73.88264729,,
Adjacent,Alive,Good,No,40.68998752,-73.82894773,,
Front,Alive,Good,No,40.56123548,-74.14756926,,
Front,Alive,Good,No,40.75050267,-74.0012648,,
Front,Alive,Good,No,40.55740036,-74.1719325,,
Adjacent,Dead,Dead,No,40.69965527,-73.92605343,,
Front,Alive,Good,No,40.67021579,-73.78613754,,
Adjacent,Dead,Dead,No,40.84822096,-73.78696339,,
Side,Alive,Good,No,40.6180494,-73.93600187,,
Side,Alive,Fair,Yes,40.60772576,-74.07015896,,
Front,Alive,Fair,No,40.69432132,-73.98886257,,
Front,Alive,Good,No,40.67733712,-73.90859701,,
Front,Alive,Good,No,40.70100375,-73.73601616,,
Front,Alive,Good,Yes,40.63774884,-74.03195145,,
Front,Alive,Good,No,40.72127573,-73.98270648,,
Front,Alive,Good,No,40.75234919,-73.88674383,,
Adjacent,Alive,Poor,No,40.71171787,-73.78516724,,
Front,Alive,Good,No,40.60445166,-74.13293832,,
Front,Alive,Good,No,40.83946991,-73.82599455,,
Front,Alive,Good,No,40.61303154,-74.15656359,,
Side,Alive,Good,No,40.55005927,-74.21117589,,
Front,Alive,Good,No,40.72785135,-73.82307036,,
Side,Alive,Good,No,40.69389519,-73.96905151,,
Front,Alive,Good,No,40.68898199,-73.82157444,,
Front,Alive,Fair,No,40.69647164,-73.73428663,,
Front,Alive,Good,No,40.80390017,-73.96691108,,
Median,Alive,Good,No,40.72244096,-73.86301576,,
Side,Alive,Good,No,40.53042064,-74.16793584,,
Assigned,Alive,Good,No,40.77426736,-73.90577442,,
Front,Alive,Poor,No,40.68006881,-73.98356407,,
Across,Alive,Good,No,40.69134071,-73.95651646,,
Median,Alive,Fair,No,40.86137397,-73.89635562,,
Front,Alive,Good,No,40.74043402,-73.82237986,,
Side,Alive,Good,No,40.73524908,-73.7081976,,
Front,Alive,Good,No,40.59802964,-74.13405705,,
Front,Alive,Good,No,40.59552633,-74.1554559,,
Front,Alive,Good,No,40.82507944,-73.89891744,,
Adjacent,Alive,Fair,Yes,40.75485829,-73.7632828,,
Adjacent,Alive,Fair,Yes,40.71489614,-73.88418225,,
Front,Alive,Good,No,40.60107544,-73.75796854,,
Side,Alive,Good,No,40.74463938,-73.71012689,,
Across,Stump,Dead,No,40.83932035,-73.9410319,,
Front,Alive,Good,No,40.59864782,-74.13974969,,
Side,Alive,Good,No,40.75741827,-73.79595788,,
Front,Alive,Poor,No,40.67649704,-73.96809864,,
Front,Alive,Good,Yes,40.674203,-73.93080726,,
Across,Alive,Fair,No,40.84627593,-73.85042293,,
Side,Stump,Dead,No,40.70630936,-73.96367494,,
Adjacent,Alive,Good,No,40.89985383,-73.86503239,,
Front,Alive,Good,Yes,40.63044651,-73.98917639,,
Front,Alive,Good,No,40.78693013,-73.84563719,,
Assigned,Alive,Good,No,40.76682211,-73.91377926,,
Front,Alive,Good,Yes,40.75896415,-73.7712585,,
Front,Alive,Good,No,40.67001078,-73.89128441,,
Across,Alive,Good,No,40.7148616,-74.00477425,,
Front,Alive,Poor,No,40.69737164,-73.89309324,,
Front,Alive,Good,No,40.7504039,-73.82280702,,
Front,Alive,Good,Yes,40.70670723,-73.90211864,,
Front,Alive,Fair,No,40.62168083,-73.96977409,,
Front,Alive,Fair,No,40.86897795,-73.85789561,,
Front,Alive,Good,Yes,40.87577722,-73.88761667,,
Front,Alive,Good,No,40.83964393,-73.94025537,,
Front,Alive,Good,No,40.50809395,-74.22876769,,
Front,Alive,Good,No,40.73225269,-73.8124832,,
Adjacent,Alive,Good,No,40.73841804,-73.71600435,,
Front,Alive,Good,No,40.60333131,-74.09042142,,
Front,Dead,Dead,No,40.82505004,-73.90490121,,
Front,Alive,Poor,No,40.88274608,-73.89017133,,
Across,Alive,Good,No,40.73668776,-73.74738176,,
Front,Dead,Dead,No,40.81632342,-73.88688976,,
Front,Alive,Good,No,40.70225429,-73.95084589,,
Front,Alive,Good,No,40.70509557,-73.86675414,,
Front,Alive,Fair,No,40.83225725,-73.85621016,,
Front,Alive,Good,No,40.7556752,-73.7889648,,
Front,Alive,Good,No,40.62639545,-74.07984199,,
Front,Alive,Good,No,40.76001863,-73.76032777,,
Adjacent,Alive,Good,No,40.68367539,-73.93956988,,
Side,Alive,Good,No,40.53916417,-74.14676193,,
Front,Alive,Good,No,40.68050734,-73.87348635,,
Front,Stump,Dead,No,40.69200667,-73.96766077,,
Front,Alive,Good,No,40.83183474,-73.84777028,,
Front,Alive,Good,No,40.81152532,-73.80444045,,
Side,Alive,Fair,No,40.71692714,-73.83263292,,
Front,Alive,Good,No,40.70248071,-73.73640721,,
Side,Alive,Good,No,40.7625561,-73.79059683,,
Across,Alive,Poor,No,40.74581452,-73.78092374,,
Adjacent,Alive,Good,No,40.68823533,-73.79639247,,
Front,Alive,Good,No,40.73242528,-73.86531628,,
Side,Alive,Good,No,40.6482158,-73.97874188,,
Adjacent,Alive,Good,No,40.86647009,-73.92638116,,
Front,Alive,Good,Yes,40.65968122,-73.88943148,,
Front,Alive,Good,No,40.75032357,-73.77199638,,
Front,Alive,Good,No,40.78551055,-73.8358047,,
Front,Alive,Good,No,40.65892535,-73.85310351,,
Side,Alive,Good,Yes,40.81917235,-73.89449774,,
Across,Alive,Good,No,40.69571803,-73.76169432,,
Front,Alive,Good,No,40.73641167,-73.70545623,,
Front,Alive,Good,No,40.74527412,-73.89896527,,
Front,Alive,Fair,No,40.60639674,-73.96270475,,40.91111063
Side,Alive,Good,No,40.72131847,-73.78454719,,-73.70360415
Front,Alive,Fair,Yes,40.73102759,-73.73427549,,40.5013558
Adjacent,Alive,Good,No,40.87432051,-73.84998686,,-74.25153347
Front,Alive,Good,No,40.61750261,-73.98730898,,
Front,Alive,Good,No,40.76878016,-73.76907151,,-73.90775059
Front,Alive,Good,No,40.78215968,-73.81896921,,40.70238651
Front,Alive,Fair,No,40.68262039,-73.94220978,,40.702582
Front,Alive,Good,No,40.7572492,-73.96023158,,-73.9233632
Front,Alive,Good,No,40.78034364,-73.84413796,,
Front,Alive,Good,No,40.67168127,-73.97436769,,0.090772039
Across,Alive,Good,No,40.71788352,-73.73758466,,0.127078273
Side,Alive,Good,No,40.76450921,-73.99842021,,
Front,Alive,Fair,No,40.72439407,-73.97391269,,
Front,Alive,Good,No,40.57947871,-74.08540396,,
Front,Alive,Good,Yes,40.62190047,-74.13485429,,
Front,Alive,Good,Yes,40.82060392,-73.90790897,,
Side,Alive,Good,No,40.78686404,-73.97112083,,
Front,Alive,Good,No,40.82715433,-73.82517969,,
Side,Alive,Fair,Yes,40.69794681,-73.92538227,,
Front,Alive,Good,No,40.88388185,-73.86248822,,
Side,Alive,Good,No,40.79973209,-73.95508018,,
Front,Alive,Good,No,40.67486744,-73.80574072,,
Front,Alive,Good,No,40.71035798,-73.76512103,,
Front,Alive,Fair,No,40.70921389,-74.00521259,,
Side,Alive,Good,Yes,40.77682853,-73.90643125,,
Side,Alive,Good,No,40.67796544,-74.01720666,,
Across,Alive,Good,Yes,40.72647379,-73.9833363,,
Side,Alive,Good,Yes,40.70612795,-73.89823405,,
Across,Alive,Good,Yes,40.69088598,-73.94534544,,
Adjacent,Alive,Good,No,40.67657888,-73.90899658,,
Front,Alive,Good,No,40.68341716,-73.88454053,,
Front,Alive,Fair,No,40.83939878,-73.94173134,,
Front,Alive,Good,No,40.55182835,-74.17260081,,
Front,Alive,Good,No,40.76204969,-73.87912938,,
Adjacent,Alive,Good,No,40.66208775,-73.751708,,
Front,Alive,Fair,No,40.75577515,-73.80655899,,
Adjacent,Alive,Good,No,40.85358851,-73.90511161,,
Adjacent,Alive,Good,No,40.61907038,-73.95080936,,
Front,Alive,Good,No,40.79198907,-73.81233252,,
Front,Alive,Good,No,40.67574595,-73.79560616,,
Median,Alive,Good,No,40.67833388,-73.97470326,,
Front,Alive,Good,No,40.52093287,-74.23593,,
Across,Alive,Good,Yes,40.72329749,-73.83726333,,
Across,Alive,Good,No,40.8649691,-73.88857573,,
Front,Alive,Good,Yes,40.66083134,-73.98140004,,
Across,Alive,Good,No,40.87121503,-73.82949042,,
Front,Alive,Good,No,40.68619527,-73.72918057,,
Front,Alive,Good,No,40.68530409,-73.78600245,,
Side,Alive,Good,No,40.60103327,-73.95581118,,
Front,Alive,Good,Yes,40.81539711,-73.89142357,,
Front,Alive,Good,Yes,40.60680111,-74.15932246,,
Front,Alive,Good,No,40.7249925,-73.81991461,,
Front,Alive,Good,No,40.77862159,-73.75035395,,
Front,Alive,Good,No,40.72505737,-73.72886651,,
Side,Alive,Good,No,40.75073791,-73.70727681,,
Adjacent,Alive,Good,No,40.72510524,-73.81382188,,
Front,Stump,Dead,No,40.68772564,-73.75920502,,
Across,Alive,Good,No,40.73615944,-73.98638686,,
Front,Alive,Good,Yes,40.84644193,-73.88769564,,
Side,Stump,Dead,No,40.72202017,-73.90370132,,
Front,Alive,Good,Yes,40.66449275,-73.91691347,,
Front,Alive,Good,No,40.73394261,-73.87849179,,
Front,Dead,Dead,No,40.73481124,-74.00856449,,
Side,Alive,Good,No,40.66777641,-73.97653172,,
Front,Alive,Good,No,40.61858232,-74.12759866,,
Front,Alive,Good,No,40.73931772,-73.79005436,,
Front,Alive,Good,No,40.6893855,-73.96869421,,
Front,Alive,Good,Yes,40.64944745,-73.97188063,,
Front,Alive,Poor,No,40.78383186,-73.78507667,,
Front,Alive,Fair,No,40.82883579,-73.94815476,,
Adjacent,Alive,Good,Yes,40.70233848,-73.82735473,,
Front,Alive,Fair,No,40.73316579,-73.80299578,,
Side,Alive,Good,Yes,40.64583767,-73.95101977,,
Front,Alive,Good,No,40.63877439,-74.07898764,,
Front,Alive,Good,No,40.81951928,-73.85979134,,
Front,Alive,Good,No,40.59981683,-74.16303159,,
Median,Alive,Good,Yes,40.75957435,-73.78594144,,
Front,Alive,Good,No,40.82926849,-73.87040987,,
Adjacent,Alive,Good,No,40.66396793,-73.83721405,,
Front,Alive,Fair,Yes,40.85110943,-73.89344025,,
Front,Alive,Good,No,40.73563268,-73.7497539,,
Front,Alive,Good,No,40.72469161,-73.78270755,,
Side,Alive,Good,Yes,40.62957683,-73.97571038,,
Adjacent,Alive,Good,No,40.74152791,-73.70702481,,
Assigned,Alive,Good,No,40.61083733,-74.18527663,,
Front,Dead,Dead,No,40.70679372,-73.90963594,,
Front,Alive,Good,Yes,40.63398367,-74.00258392,,
Rear,Alive,Good,No,40.60256191,-73.74795313,,
Front,Alive,Fair,No,40.78340041,-73.97695338,,
Across,Alive,Good,No,40.79090333,-73.83904533,,
Front,Alive,Good,No,40.71917449,-73.75119602,,
Front,Alive,Good,No,40.65461657,-73.84786798,,
Assigned/Side,Alive,Good,No,40.61608001,-73.96880643,,
Front,Alive,Good,No,40.66753768,-73.9608877,,
Assigned,Alive,Good,No,40.63603163,-73.96933136,,
Front,Alive,Good,Yes,40.76179538,-73.79146197,,
Front,Alive,Good,No,40.63416479,-74.13495421,,
Front,Alive,Fair,No,40.65296231,-73.73070629,,
Front,Alive,Poor,No,40.77157429,-73.8309775,,
Front,Alive,Good,Yes,40.78290059,-73.81874852,,
Front,Alive,Good,No,40.63862317,-73.96526057,,
Front,Alive,Fair,No,40.59765298,-73.79366571,,
Front,Alive,Good,No,40.76589723,-73.76337507,,
Front,Alive,Good,Yes,40.73496344,-73.91852455,,
Side,Alive,Good,No,40.80768759,-73.85099735,,
Side,Alive,Good,No,40.63935571,-73.91879764,,
Assigned,Alive,Good,No,40.76554672,-73.93243521,,
Front,Alive,Good,No,40.74310371,-73.81752008,,
Adjacent,Alive,Fair,No,40.82672923,-73.81589786,,
Front,Alive,Good,Yes,40.60811622,-73.91345555,,
Front,Alive,Good,No,40.51595893,-74.19622016,,
Adjacent,Alive,Good,No,40.5844056,-74.09833468,,
Adjacent,Alive,Good,Yes,40.64454344,-74.01836187,,
Side,Alive,Good,No,40.84005319,-73.84747654,,
Side,Alive,Good,No,40.66473426,-73.87663012,,
Front,Alive,Good,Yes,40.76194026,-73.91981895,,
Front,Alive,Good,No,40.65886995,-73.885213,,
Across,Alive,Good,Yes,40.71976749,-73.99706864,,
Front,Alive,Good,No,40.67546812,-73.99929655,,
Front,Alive,Good,No,40.75665001,-73.88739785,,
Front,Alive,Good,Yes,40.70041833,-73.95144709,,
Front,Alive,Good,No,40.83221007,-73.89472694,,
Front,Alive,Fair,No,40.81124517,-73.85793949,,
Front,Alive,Good,No,40.60668154,-73.99998006,,
Side,Alive,Fair,No,40.83509803,-73.92655233,,
Side,Alive,Good,No,40.70744062,-74.00768779,,
Side,Alive,Good,Yes,40.72662305,-73.89646943,,
Front,Alive,Good,Yes,40.74982235,-73.90022263,,
Adjacent,Alive,Good,Yes,40.87491797,-73.86578252,,
Side,Alive,Poor,No,40.81630213,-73.86753879,,
Front,Stump,Stump,No,40.68263225,-73.87392268,,
Front,Alive,Fair,No,40.67905649,-73.92181208,,
Front,Alive,Good,Yes,40.7509731,-73.78952657,,
Front,Alive,Good,No,40.90213823,-73.84164633,,
Front,Alive,Good,No,40.67344658,-73.80276052,,
Front,Alive,Good,No,40.70556412,-73.86563279,,
Front,Alive,Good,No,40.74660087,-73.77429618,,
Across,Alive,Good,No,40.83589274,-73.8402521,,
Across,Alive,Good,Yes,40.68566509,-73.76152746,,
Side,Alive,Good,No,40.68207819,-73.83158571,,
Front,Alive,Good,No,40.61627053,-74.09023233,,
Adjacent,Alive,Good,No,40.69581816,-73.75684799,,
Adjacent,Alive,Good,No,40.68656224,-73.80512057,,
Adjacent,Alive,Good,No,40.53366086,-74.20678056,,
Front,Alive,Poor,No,40.64413891,-74.07964895,,
Front,Alive,Good,No,40.85404439,-73.8492187,,
Front,Alive,Good,No,40.73702676,-73.8987966,,
Front,Alive,Good,Yes,40.69219198,-73.945743,,
Side,Alive,Fair,No,40.58696741,-73.99198002,,
Front,Alive,Fair,No,40.62015097,-73.97565933,,
Side,Alive,Fair,No,40.72430617,-74.00203582,,
Front,Stump,Stump,No,40.66988592,-73.76060185,,
Assigned,Alive,Good,No,40.74952593,-73.88434587,,
Front,Dead,Dead,No,40.6479739,-73.92808963,,
Front,Alive,Fair,No,40.7593783,-73.88233551,,
Front,Alive,Good,Yes,40.78054335,-73.96127536,,
Front,Alive,Good,Yes,40.63024442,-74.08287824,,
Front,Alive,Poor,Yes,40.71075962,-73.89950353,,
Adjacent,Alive,Poor,No,40.62449285,-74.10988166,,
Front,Alive,Fair,Yes,40.70653733,-73.90838788,,
Side,Alive,Good,No,40.72833187,-74.00195772,,
Front,Alive,Good,No,40.60621245,-73.94488383,,
Front,Alive,Good,No,40.61682475,-74.14611796,,
Assigned,Alive,Good,No,40.70238651,-73.87446009,,
Front,Alive,Fair,No,40.66111251,-73.76470593,,
Assigned,Alive,Good,No,40.53127359,-74.19228236,,
Front,Alive,Good,No,40.62575416,-73.94763773,,
Front,Alive,Good,No,40.61431971,-74.08466765,,
Front,Alive,Good,Yes,40.66672939,-73.93959009,,
Front,Alive,Good,Yes,40.72953167,-73.85025016,,
Across,Stump,Stump,No,40.66125772,-73.91434019,,
Front,Alive,Good,No,40.62709878,-74.13873007,,
Front,Alive,Fair,Yes,40.70130444,-73.90244872,,
Adjacent,Alive,Good,No,40.67992284,-73.9993968,,
Across,Dead,Dead,No,40.74953073,-73.75828267,,
Front,Alive,Fair,No,40.66795597,-73.88197267,,
Front,Alive,Good,Yes,40.76297316,-73.87060949,,
Adjacent,Stump,Stump,No,40.72878777,-73.89548591,,
Front,Alive,Good,No,40.75457828,-73.96601516,,
Adjacent,Alive,Good,Yes,40.69161899,-73.81224488,,
Front,Alive,Good,No,40.67812558,-73.99886914,,
Front,Alive,Good,No,40.86107908,-73.90775059,,
Front,Alive,Good,No,40.57912529,-73.84493838,,
Side,Alive,Good,Yes,40.68860979,-73.99413773,,
Adjacent,Alive,Good,No,40.71660822,-73.98859257,,
Front,Alive,Good,No,40.62111547,-73.93285628,,
Front,Alive,Good,No,40.69492503,-73.93391209,,
Side,Alive,Good,No,40.57464507,-73.96975795,,
Front,Alive,Fair,No,40.84749772,-73.7866901,,
Side,Alive,Good,No,40.80718295,-73.93994272,,
Front,Alive,Good,No,40.76220232,-73.78643409,,
Across,Alive,Fair,No,40.53240726,-74.16048873,,
Front,Alive,Good,No,40.88462115,-73.90534272,,
Across,Alive,Good,No,40.66487641,-73.88251005,,
Front,Alive,Good,No,40.61983666,-73.90294585,,
Front,Dead,Dead,No,40.91111063,-73.90585896,,
Side,Alive,Good,No,40.50732069,-74.2490353,,
Front,Dead,Dead,No,40.58012121,-74.10275547,,
Front,Alive,Fair,No,40.64723044,-73.91763339,,
Across,Alive,Good,No,40.53606933,-74.20816543,,
Front,Alive,Good,Yes,40.71209907,-73.83283133,,
Front,Alive,Good,Yes,40.73467201,-73.79996254,,
Across,Alive,Good,No,40.6919362,-73.99347039,,
Front,Alive,Good,No,40.57224035,-74.1001228,,
Adjacent,Alive,Good,No,40.72221435,-73.94967798,,
Across,Alive,Good,Yes,40.63329587,-74.15621213,,
Front,Alive,Fair,No,40.57277444,-73.85575572,,
Median,Alive,Good,No,40.59342357,-74.07545831,,
Adjacent,Alive,Good,No,40.55236155,-74.15207743,,
Front,Alive,Good,No,40.68878624,-73.85394105,,
Front,Alive,Good,No,40.5063359,-74.25153347,,
Front,Alive,Good,No,40.78903509,-73.79484839,,
Side,Alive,Good,No,40.51813779,-74.23945747,,
Front,Alive,Good,No,40.70474604,-73.80327925,,
Across,Alive,Good,No,40.83428946,-73.87170025,,
Front,Alive,Good,No,40.71056341,-73.87181629,,
Front,Alive,Good,No,40.65876051,-73.74061405,,
Front,Alive,Good,No,40.73115774,-73.9587057,,
Front,Alive,Good,No,40.76153048,-73.78101643,,
Front,Alive,Good,No,40.54068222,-74.18971727,,
Front,Alive,Good,Yes,40.72799452,-73.85056934,,
Front,Alive,Good,No,40.50189046,-74.24728057,,
Side,Alive,Poor,Yes,40.70087216,-73.90384071,,
Front,Alive,Good,No,40.64665892,-74.01430527,,
Adjacent,Alive,Fair,Yes,40.69293747,-73.91858987,,
Front,Alive,Good,Yes,40.6629627,-73.9172039,,
Side,Alive,Good,No,40.74107893,-73.85547059,,
Front,Alive,Good,Yes,40.73121403,-73.86047981,,
Assigned,Stump,Stump,No,40.70327219,-73.73600385,,
Across,Alive,Good,No,40.871783,-73.88616205,,
Front,Alive,Good,No,40.50341976,-74.23927944,,
Front,Alive,Poor,No,40.60238751,-73.74953278,,
Front,Alive,Good,No,40.53854695,-74.20911575,,
Front,Alive,Good,No,40.7776372,-73.74780355,,
Front,Alive,Fair,No,40.68494347,-73.91766299,,
Front,Alive,Good,No,40.66987929,-73.97231664,,
Front,Alive,Good,No,40.7480418,-73.77484867,,
Front,Alive,Good,Yes,40.84762172,-73.89357779,,
Front,Alive,Good,No,40.74257318,-73.91573933,,
Side,Alive,Good,No,40.68119412,-73.96058983,,
Front,Alive,Good,Yes,40.9063302,-73.85135945,,
Front,Alive,Poor,Yes,40.70259553,-73.82047497,,
Front,Alive,Good,No,40.63343643,-74.13800442,,
Front,Alive,Good,Yes,40.71276658,-73.77678277,,
Front,Alive,Good,No,40.68543564,-73.95777301,,
Front,Stump,Stump,No,40.72782079,-73.71934889,,
Front,Alive,Poor,No,40.79771713,-73.93531055,,
Front,Alive,Good,No,40.68838579,-73.91033382,,
Front,Stump,Stump,No,40.74904074,-73.97804149,,
Front,Alive,Good,No,40.63261695,-74.10515836,,
Front,Alive,Good,No,40.74163215,-74.00895802,,
Front,Alive,Good,No,40.69663191,-73.73899686,,
Front,Alive,Good,No,40.65037929,-73.97827493,,
Side,Alive,Good,No,40.55418079,-74.17847584,,
Adjacent,Alive,Good,No,40.70083411,-73.93555133,,
Adjacent,Alive,Good,Yes,40.82335426,-73.91619075,,
Adjacent,Alive,Good,No,40.69703536,-73.77120422,,
Front,Alive,Good,No,40.7309348,-73.79019063,,
Side,Alive,Good,Yes,40.55170867,-74.19209387,,
Front,Alive,Poor,No,40.66044746,-73.9102398,,
Front,Alive,Good,No,40.77449582,-73.79948032,,
Front,Stump,Stump,No,40.65798165,-73.91683941,,
Side,Alive,Good,No,40.6562261,-73.87210042,,
Front,Alive,Good,No,40.69869212,-73.99473141,,
Adjacent,Alive,Good,No,40.82874108,-73.88213868,,
Adjacent,Alive,Poor,No,40.76638585,-73.9549238,,
Side,Alive,Good,Yes,40.6298951,-74.10025771,,
Across,Alive,Good,Yes,40.80241066,-73.96648706,,
Front,Alive,Good,No,40.75848965,-73.91614955,,
Median,Alive,Good,No,40.6286092,-73.89218905,,
Front,Alive,Good,No,40.76282045,-73.82571899,,
Side,Alive,Good,No,40.68586377,-73.9400835,,
Across,Alive,Good,No,40.75933045,-74.00295471,,
Across,Alive,Good,No,40.84672752,-73.91196347,,
Adjacent,Alive,Good,Yes,40.62521012,-73.96164402,,
Front,Alive,Good,No,40.62662358,-73.92877884,,
Front,Alive,Good,No,40.66866929,-73.79090471,,
Assigned,Alive,Poor,No,40.73042218,-73.77878385,,
Front,Stump,Stump,No,40.72492739,-73.89193955,,
Assigned,Alive,Good,No,40.76125665,-73.77750363,,
Front,Alive,Good,No,40.67819207,-73.79017862,,
Across,Alive,Fair,No,40.5721641,-73.85964121,,
Across,Alive,Poor,No,40.66922143,-73.87856486,,
Front,Alive,Good,Yes,40.70974681,-73.78728509,,
Front,Alive,Fair,No,40.67648409,-73.99279838,,
Side,Alive,Good,No,40.82838449,-73.87824174,,
Front,Alive,Good,No,40.70347295,-73.94777473,,
Adjacent,Alive,Fair,No,40.70089543,-73.92248992,,
Front,Alive,Good,No,40.66424717,-73.87984299,,
Front,Alive,Good,No,40.53667815,-74.1931607,,
Front,Alive,Good,Yes,40.74216902,-73.88074605,,
Across,Alive,Good,Yes,40.67166037,-73.93546564,,
Front,Alive,Good,No,40.71143818,-73.89588246,,
Adjacent,Alive,Poor,No,40.61969849,-74.16795134,,
Side,Alive,Good,No,40.72494296,-73.88146296,,
Front,Alive,Good,No,40.5871339,-73.96581318,,
Front,Alive,Good,Yes,40.72531921,-73.87002577,,
Front,Alive,Good,Yes,40.63308951,-73.98325289,,
Front,Alive,Good,No,40.66077603,-73.86549817,,
Front,Alive,Good,No,40.70178517,-73.96360949,,
Side,Alive,Poor,Yes,40.67663659,-73.72866885,,
Front,Alive,Good,Yes,40.70514717,-73.95592432,,
Front,Alive,Good,No,40.67167284,-73.97905642,,
Median,Alive,Good,No,40.62326804,-73.90663459,,
Side,Alive,Good,No,40.610903,-74.16485233,,
Assigned,Alive,Fair,No,40.74810078,-73.74601559,,
Front,Alive,Good,No,40.66234479,-73.73981487,,
Across,Alive,Good,No,40.56144147,-74.18033816,,
Front,Alive,Fair,No,40.75293667,-73.97301329,,
Across,Alive,Good,Yes,40.70435191,-73.74875336,,
Side,Alive,Good,No,40.52790077,-74.16683498,,
Across,Alive,Good,No,40.55119332,-74.21107581,,
Across,Alive,Good,Yes,40.62236479,-73.93108623,,
Front,Alive,Good,No,40.5355848,-74.20196005,,
Front,Alive,Good,No,40.82674176,-73.90775213,,
Front,Alive,Good,No,40.80031591,-73.9579335,,
Front,Alive,Good,Yes,40.60570531,-74.00452599,,
Side,Alive,Good,No,40.77114861,-73.74748605,,
Front,Alive,Good,No,40.70901403,-73.79529877,,
Adjacent,Alive,Fair,No,40.58010989,-74.16912954,,
Front,Alive,Good,No,40.71990532,-73.953751,,
Front,Alive,Poor,No,40.75725657,-73.78835163,,
Side,Alive,Fair,Yes,40.79739168,-73.94846159,,
Front,Alive,Good,No,40.55318814,-74.13829892,,
Adjacent,Alive,Fair,No,40.63313734,-74.03714921,,
Median,Alive,Good,No,40.56219963,-74.14812016,,
Assigned,Alive,Good,No,40.62661444,-73.94763994,,
Front,Alive,Fair,Yes,40.66879671,-73.92658719,,
Front,Alive,Fair,No,40.76192343,-73.835254,,
Side,Alive,Good,Yes,40.68657327,-73.94789064,,
Front,Alive,Good,Yes,40.7827245,-73.77429743,,
Side,Alive,Good,No,40.54553262,-74.2193574,,
Front,Alive,Good,No,40.68989829,-73.95163025,,
Front,Alive,Good,No,40.82998784,-73.86681217,,
Front,Alive,Good,No,40.8375143,-73.8896008,,
Front,Alive,Good,No,40.66602741,-73.82790073,,
Adjacent,Alive,Fair,No,40.70865527,-73.74067941,,
Side,Alive,Good,No,40.5369637,-74.20952551,,
Front,Alive,Good,No,40.66106167,-73.98003616,,
Front,Alive,Good,Yes,40.79207972,-73.95176512,,
Front,Alive,Good,No,40.75560018,-73.75314248,,
Front,Alive,Good,Yes,40.62401979,-74.00151842,,
Front,Alive,Good,No,40.68169077,-73.96337235,,
Assigned,Alive,Good,No,40.71123239,-73.96643842,,
Side,Alive,Good,No,40.62865675,-74.11276116,,
Side,Alive,Good,No,40.84205231,-73.94008579,,
Front,Alive,Good,No,40.67398791,-73.87688697,,
Front,Alive,Good,No,40.62465439,-73.96671606,,
Front,Alive,Good,No,40.62324023,-74.1463315,,
Front,Alive,Good,No,40.76303815,-73.76351614,,
Front,Alive,Good,No,40.53670466,-74.16381031,,
Front,Alive,Good,No,40.78435198,-73.95321076,,
Front,Alive,Good,No,40.77372107,-73.92460376,,
Front,Alive,Fair,No,40.88931024,-73.81897457,,
Front,Alive,Good,No,40.57295025,-74.12955672,,
Across,Alive,Good,No,40.68352922,-73.75674168,,
Front,Alive,Good,No,40.74654717,-73.70360415,,
Across,Alive,Good,Yes,40.63818543,-73.9821268,,
Front,Alive,Good,No,40.69201801,-73.91130501,,
Side,Dead,Dead,No,40.71817511,-73.78663968,,
Front,Alive,Good,No,40.82751934,-73.84469675,,
Side,Alive,Good,No,40.50573171,-74.25128792,,
Across,Alive,Good,No,40.66193932,-73.74599394,,
Front,Alive,Good,No,40.64151038,-73.95157481,,
Front,Alive,Fair,No,40.73468946,-73.86704653,,
Front,Alive,Good,No,40.61912688,-74.1442113,,
Front,Alive,Poor,No,40.86044489,-73.84002472,,
Front,Alive,Good,Yes,40.74212635,-73.81694102,,
Front,Alive,Good,Yes,40.70050326,-73.90394207,,
Front,Alive,Good,No,40.72831738,-73.87062118,,
Side,Alive,Good,No,40.61746746,-74.10459413,,
Front,Alive,Good,No,40.65996214,-73.97792301,,
Front,Alive,Good,No,40.73774928,-73.99353837,,
Adjacent,Alive,Fair,No,40.73140135,-73.80017092,,
Side,Alive,Good,Yes,40.71747641,-73.8221244,,
Front,Alive,Good,No,40.74226139,-73.9972477,,
Front,Alive,Good,No,40.68377651,-73.74444023,,
Front,Alive,Good,Yes,40.71982587,-73.84508479,,
Front,Alive,Good,No,40.72483511,-73.84093936,,
Front,Alive,Good,Yes,40.66164575,-73.9046006,,
Front,Alive,Good,No,40.88105267,-73.84732105,,
Front,Alive,Good,No,40.67783121,-73.76276363,,
Adjacent,Alive,Fair,No,40.54218131,-74.18978466,,
Side,Alive,Good,No,40.79090265,-73.79818838,,
Side,Alive,Good,No,40.72742186,-73.72252757,,
Front,Alive,Good,No,40.57988201,-74.08659634,,
Front,Alive,Good,Yes,40.57551032,-73.99563223,,
Front,Alive,Good,No,40.76790354,-73.89620178,,
Front,Alive,Good,Yes,40.60228643,-73.98346688,,
Side,Alive,Good,No,40.80542603,-73.94188364,,
Front,Alive,Good,No,40.77594315,-73.91078024,,
Assigned,Alive,Good,No,40.55067735,-74.20102218,,
Median,Alive,Good,No,40.64078224,-73.91650854,,
Front,Alive,Good,No,40.76325516,-73.88670617,,
Front,Alive,Good,No,40.75049077,-73.86823871,,
Front,Alive,Good,No,40.7771977,-73.79095348,,
Front,Alive,Good,No,40.73749061,-74.00409487,,
Front,Alive,Fair,No,40.66128449,-73.96078547,,
Adjacent,Alive,Fair,No,40.59628642,-73.77994356,,
Assigned,Alive,Good,No,40.77229597,-73.78250161,,
Assigned,Alive,Good,No,40.74649872,-73.82310712,,
Front,Alive,Good,No,40.63683785,-74.14946149,,
Front,Alive,Good,No,40.62224999,-74.15839207,,
Side,Alive,Good,No,40.78657047,-73.79782851,,
Front,Alive,Good,Yes,40.52376761,-74.17352695,,
Front,Alive,Poor,No,40.66296925,-73.74837357,,
Front,Alive,Fair,No,40.72822153,-73.82405794,,
Front,Alive,Good,Yes,40.82684364,-73.92355518,,
Front,Alive,Good,No,40.82884103,-73.91815964,,
Side,Alive,Good,No,40.51311841,-74.20311272,,
Across,Alive,Good,No,40.53571241,-74.152132,,
Front,Alive,Good,No,40.5250065,-74.23733834,,
Side,Alive,Good,No,40.7237951,-73.7405216,,
Side,Alive,Good,No,40.71519543,-73.85202497,,
Front,Alive,Good,No,40.82631155,-73.85376706,,
Adjacent,Alive,Good,No,40.54644205,-74.20046279,,
Front,Alive,Good,No,40.71141044,-73.76368846,,
Adjacent,Alive,Good,No,40.60988129,-73.96405416,,
Adjacent,Alive,Good,No,40.81036886,-73.9558322,,
Across,Alive,Good,No,40.62442314,-74.15760392,,
Front,Alive,Good,No,40.77055823,-73.82736943,,
Front,Alive,Good,No,40.77647758,-73.84192763,,
Front,Alive,Good,No,40.84366274,-73.78590023,,
Adjacent,Alive,Good,No,40.6916922,-73.98783663,,
Front,Alive,Good,No,40.63689606,-74.03461009,,
Front,Alive,Good,Yes,40.71274456,-73.776896,,
Adjacent,Alive,Good,Yes,40.74643179,-73.91748994,,
Front,Alive,Good,No,40.74374097,-73.82006171,,
Front,Alive,Poor,No,40.69299569,-73.7899931,,
Front,Alive,Good,Yes,40.90228309,-73.85221477,,
Front,Alive,Good,No,40.77115586,-73.90553037,,
Front,Alive,Good,No,40.90014299,-73.86956504,,
Front,Alive,Good,Yes,40.90190064,-73.85288349,,
Adjacent,Alive,Good,No,40.72048475,-73.99248685,,
Front,Alive,Good,No,40.69025667,-73.97234135,,
Front,Alive,Good,No,40.63718638,-73.99127816,,
Front,Alive,Fair,No,40.64548184,-73.98579927,,
Front,Alive,Good,No,40.88540761,-73.8483564,,
Across,Stump,Stump,No,40.73623283,-73.70387133,,
Front,Alive,Good,Yes,40.62615678,-73.96447932,,
Side,Alive,Good,No,40.72822466,-73.95038452,,
Front,Alive,Good,No,40.6816137,-73.93796521,,
Across,Alive,Good,No,40.65865766,-73.91965903,,
Front,Alive,Good,No,40.67695328,-73.97788448,,
Side,Alive,Fair,No,40.74358834,-73.92449279,,
Assigned,Alive,Good,No,40.68405769,-73.81499247,,
Front,Alive,Good,Yes,40.63312599,-74.02827145,,
Adjacent,Alive,Good,No,40.67609557,-74.00012201,,
Front,Alive,Good,Yes,40.68698617,-73.95637556,,
Adjacent,Alive,Fair,No,40.76125647,-73.89311713,,
Front,Alive,Good,Yes,40.7390293,-73.90327228,,
Across,Alive,Fair,Yes,40.7184274,-73.99857062,,
Front,Alive,Fair,No,40.75141366,-73.80997662,,
Front,Alive,Good,No,40.67808603,-73.73382544,,
Front,Alive,Good,No,40.60369554,-74.16981805,,
Front,Alive,Good,No,40.68180132,-73.73260984,,
Assigned,Alive,Good,Yes,40.85336681,-73.91078184,,
Across,Alive,Good,No,40.87812607,-73.86642694,,
Adjacent,Alive,Good,No,40.55066048,-74.18342543,,
Assigned,Alive,Good,No,40.85235212,-73.86224714,,
Side,Alive,Poor,No,40.58793622,-73.80643822,,
Front,Alive,Good,Yes,40.69092538,-73.91822855,,
Side,Alive,Good,No,40.77491091,-73.79209185,,
Front,Alive,Good,Yes,40.7094685,-73.90309275,,
Front,Alive,Good,No,40.67429763,-73.91812095,,
Front,Alive,Good,No,40.58088528,-73.94374603,,
Front,Alive,Good,No,40.76879292,-73.99529737,,
Front,Alive,Good,No,40.80272462,-73.96770759,,
Front,Alive,Fair,No,40.73867269,-73.75708551,,
Side,Alive,Good,No,40.75785314,-73.96161867,,
Front,Alive,Fair,No,40.63478029,-74.11061123,,
Assigned,Alive,Fair,No,40.70662621,-74.01416475,,
Front,Alive,Good,No,40.71983762,-73.87205549,,
Front,Alive,Good,Yes,40.61803479,-74.00520824,,
Front,Alive,Fair,No,40.59515948,-74.06261937,,
Front,Alive,Good,No,40.8294274,-73.94787633,,
Front,Alive,Good,No,40.73355352,-73.99591477,,
Assigned,Alive,Good,Yes,40.75645769,-73.88641708,,
Front,Alive,Fair,No,40.69493366,-73.99465828,,
Front,Alive,Good,Yes,40.6861448,-73.87164589,,
Across,Alive,Good,No,40.68894261,-73.82185787,,
Front,Alive,Poor,Yes,40.68625085,-73.91716009,,
Across,Alive,Good,Yes,40.64137758,-73.97117086,,
Front,Alive,Good,No,40.77363725,-73.81461182,,
Median,Alive,Good,No,40.80536574,-73.95738638,,
Front,Alive,Good,No,40.85440981,-73.93214887,,
Front,Alive,Good,No,40.67240512,-73.8701533,,
Front,Alive,Good,No,40.7236632,-73.88153858,,
Adjacent,Alive,Good,No,40.62488692,-73.97976961,,
Front,Alive,Good,No,40.75938682,-74.00291422,,
Front,Alive,Fair,Yes,40.6117707,-73.94234348,,
Front,Alive,Fair,No,40.6721366,-73.94222058,,
Adjacent,Alive,Fair,No,40.53274207,-74.16609608,,
Front,Alive,Good,Yes,40.81494861,-73.89904261,,
Front,Alive,Poor,No,40.55935903,-74.17692782,,
Front,Alive,Fair,No,40.5194899,-74.20565197,,
Front,Alive,Good,No,40.56121116,-74.11366693,,
Front,Alive,Fair,Yes,40.67154704,-73.88715919,,
Front,Dead,Dead,No,40.74253881,-73.98686447,,
Front,Alive,Good,No,40.85689579,-73.86036305,,
Assigned,Alive,Good,No,40.57299863,-74.10962537,,
Side,Alive,Good,No,40.61909827,-74.13914519,,
Adjacent,Alive,Good,No,40.59953166,-74.16538845,,
Front,Alive,Good,No,40.74558241,-73.91732159,,
Front,Alive,Good,No,40.86780965,-73.86678397,,
Front,Alive,Good,No,40.75726018,-73.73414195,,
Front,Alive,Poor,No,40.82834051,-73.91371106,,
Side,Alive,Good,No,40.5879077,-73.8154235,,
Front,Alive,Good,No,40.61196892,-74.02374839,,
Front,Alive,Good,No,40.56778931,-74.12831233,,
Front,Alive,Good,No,40.7937297,-73.96728109,,
Across,Alive,Fair,No,40.77669502,-73.95950374,,
Front,Alive,Good,No,40.54032818,-74.20506082,,
Front,Alive,Good,No,40.89057613,-73.91256074,,
Front,Alive,Good,Yes,40.56268877,-74.12398326,,
Front,Alive,Poor,No,40.82441762,-73.92586616,,
Front,Alive,Good,No,40.68135954,-73.98922363,,
Front,Alive,Good,Yes,40.70135864,-73.90905712,,
Front,Alive,Good,No,40.73440616,-73.996083,,
Front,Alive,Good,No,40.61219633,-73.77106535,,
Front,Alive,Good,No,40.84746007,-73.94137011,,
Front,Alive,Poor,No,40.53825033,-74.18052422,,
Front,Alive,Good,No,40.70358428,-73.88458009,,
Median,Alive,Good,No,40.82421927,-73.85354418,,
Front,Alive,Good,No,40.59406892,-73.77631336,,
Front,Alive,Good,No,40.6135173,-74.12640199,,
Side,Alive,Good,Yes,40.76060919,-73.87004901,,
Side,Alive,Good,No,40.71828307,-73.84071479,,
Front,Alive,Good,No,40.78760463,-73.8192817,,
Front,Alive,Good,No,40.54320902,-74.1658164,,
Adjacent,Alive,Fair,No,40.62288308,-74.01625114,,
Side,Alive,Good,No,40.70178861,-73.75381254,,
Front,Alive,Good,No,40.53326033,-74.20602057,,
Across,Alive,Good,No,40.72226422,-73.73312598,,
Front,Alive,Good,No,40.85220151,-73.89396432,,
Front,Alive,Good,No,40.75520624,-73.73074241,,
Front,Alive,Good,No,40.75292659,-73.76587703,,
Front,Alive,Good,No,40.60784664,-73.94233291,,
Front,Alive,Good,No,40.66570414,-73.97725213,,
Front,Alive,Good,Yes,40.72595964,-73.85452129,,
Front,Alive,Good,No,40.6675984,-73.7545765,,
Side,Alive,Good,Yes,40.79106639,-73.94742084,,
Side,Alive,Good,No,40.55274838,-74.1792499,,
Adjacent,Alive,Good,No,40.8592417,-73.88696513,,
Front,Alive,Good,No,40.69439313,-73.81059712,,
Front,Alive,Good,Yes,40.6152145,-73.92251814,,
Front,Alive,Good,No,40.75577102,-73.88818816,,
Front,Alive,Good,Yes,40.6808246,-73.80219229,,
Front,Alive,Good,No,40.81043423,-73.91535845,,
Front,Alive,Good,Yes,40.65751774,-73.95625677,,
Front,Alive,Good,No,40.54930264,-74.19908599,,
Side,Alive,Good,No,40.60749232,-73.90271614,,
Side,Alive,Good,Yes,40.87175027,-73.88431158,,
Adjacent,Alive,Good,Yes,40.74000969,-73.82237223,,
Across,Alive,Good,No,40.75922657,-73.79665479,,
Adjacent,Alive,Good,Yes,40.69295553,-73.75289627,,
Front,Alive,Good,No,40.61934839,-74.03310249,,
Front,Alive,Good,No,40.87108487,-73.83842961,,
Front,Alive,Good,No,40.67257332,-73.96520555,,
Front,Alive,Good,No,40.77056338,-73.96444967,,
Adjacent,Alive,Good,Yes,40.70111613,-73.88500466,,
Adjacent,Alive,Good,No,40.66552305,-73.93970508,,
Median,Alive,Good,No,40.68970547,-73.90537054,,
Side,Stump,Stump,No,40.77241427,-73.90915619,,
Front,Alive,Good,Yes,40.69439371,-73.8447209,,
Front,Alive,Good,No,40.64811102,-74.01239731,,
Front,Alive,Good,No,40.63151026,-74.10718044,,
Front,Alive,Good,No,40.71490509,-73.73506741,,
Adjacent,Alive,Good,No,40.7523114,-73.94323931,,
Front,Alive,Poor,No,40.60653816,-74.08830224,,
Front,Alive,Good,Yes,40.68623219,-73.98909081,,
Front,Alive,Fair,No,40.53690141,-74.19778345,,
Adjacent,Alive,Good,No,40.66958147,-73.7638721,,
Front,Alive,Fair,No,40.72087928,-73.80954972,,
Front,Alive,Good,Yes,40.52702638,-74.21885238,,
Front,Alive,Good,No,40.69413566,-73.82458611,,
Side,Alive,Fair,No,40.71362943,-73.99775526,,
Assigned/Across,Alive,Good,No,40.67091343,-73.73040601,,
Front,Alive,Good,No,40.81833043,-73.89004058,,
Front,Alive,Fair,No,40.67835791,-73.88934951,,
Front,Alive,Good,No,40.73405214,-73.99684184,,
Adjacent,Alive,Good,No,40.54589915,-74.16941984,,
Front,Alive,Good,Yes,40.6945113,-73.9310115,,
Side,Alive,Good,No,40.65626962,-73.89009203,,
Front,Alive,Good,No,40.7338006,-73.82281053,,
Median,Alive,Fair,No,40.76726005,-73.82885628,,
Front,Alive,Fair,Yes,40.68241258,-73.91716141,,
Across/Side,Alive,Good,Yes,40.76558629,-73.8915613,,
Adjacent,Alive,Good,No,40.83419299,-73.8924658,,
Front,Alive,Good,No,40.82756874,-73.85057654,,
Across,Alive,Good,No,40.62027221,-74.01472724,,
Assigned,Alive,Good,No,40.74601566,-73.77533356,,
Front,Alive,Fair,No,40.87041613,-73.86343071,,
Front,Alive,Good,No,40.58784955,-74.14825317,,
Front,Alive,Good,No,40.81964023,-73.86453426,,
Front,Alive,Fair,No,40.79059089,-73.81000305,,
Front,Alive,Good,No,40.55496025,-74.20200117,,
Adjacent,Alive,Good,No,40.69105811,-73.73724253,,
Front,Alive,Good,No,40.78066042,-73.79804645,,
Front,Alive,Good,Yes,40.73508565,-73.93856747,,
Front,Alive,Good,No,40.57508405,-73.86134894,,
Front,Alive,Good,No,40.55828125,-74.14437006,,
Front,Alive,Good,Yes,40.663588,-73.86619599,,
Front,Alive,Fair,No,40.73121201,-73.74220748,,
Front,Alive,Good,No,40.76149127,-73.991867,,
Front,Alive,Good,No,40.72906989,-73.88196784,,
Assigned,Alive,Fair,No,40.66713089,-73.80530975,,
Side,Alive,Good,No,40.71931785,-73.74585239,,
Front,Alive,Good,No,40.62758463,-74.14185136,,
Front,Alive,Good,No,40.75343386,-73.87152739,,
Front,Alive,Fair,Yes,40.65592251,-73.91495629,,
Front,Alive,Good,No,40.64310431,-73.9856364,,
Front,Alive,Good,No,40.82922577,-73.90031677,,
Front,Alive,Fair,No,40.69410451,-73.80327187,,
Front,Alive,Good,Yes,40.71440994,-73.78748776,,
Front,Alive,Good,No,40.60251386,-73.99157814,,
Front,Alive,Good,No,40.73211389,-73.89829012,,
Front,Alive,Fair,No,40.74532345,-73.82133779,,
Front,Alive,Good,No,40.73291436,-73.70479718,,
Front,Alive,Good,No,40.70781393,-73.7592289,,
Front,Alive,Good,No,40.69449763,-73.97001909,,
Front,Alive,Good,Yes,40.83080316,-73.84870271,,
Front,Alive,Good,No,40.72999115,-73.97911331,,
Front,Alive,Good,No,40.70853739,-73.87422347,,
Front,Alive,Good,No,40.82473789,-73.85445211,,
Front,Alive,Good,No,40.77858775,-73.97541893,,
Assigned,Alive,Fair,No,40.70232376,-73.82497803,,
Across,Alive,Good,No,40.73294787,-73.82225842,,
Assigned/Side,Alive,Poor,No,40.76705997,-73.96788366,,
Adjacent,Alive,Good,Yes,40.59927556,-73.96019061,,
Across,Alive,Good,No,40.87798204,-73.84989924,,
Front,Alive,Good,No,40.82627054,-73.91735663,,
Front,Alive,Fair,No,40.879387,-73.83565265,,
Front,Alive,Good,No,40.59769706,-73.74442485,,
Front,Alive,Good,No,40.64139081,-73.93516737,,
Adjacent,Alive,Good,No,40.60943118,-73.91339474,,
Assigned,Dead,Dead,No,40.83042965,-73.90728966,,
Front,Alive,Good,No,40.67029734,-73.94079439,,
Side,Alive,Good,No,40.56229236,-74.12525964,,
Front,Alive,Good,No,40.70802987,-73.89668973,,
Front,Alive,Good,No,40.6795178,-73.74623933,,
Front,Alive,Good,No,40.78940584,-73.84315621,,
Front,Alive,Good,No,40.75033534,-73.75902677,,
Adjacent,Alive,Good,No,40.81042058,-73.89335944,,
Front,Alive,Good,No,40.69870401,-73.83698321,,
Side,Dead,Dead,No,40.85044979,-73.90452504,,
Side,Alive,Good,No,40.8990434,-73.84505533,,
Side,Alive,Good,No,40.71900487,-73.79439297,,
Front,Alive,Good,No,40.72836991,-73.73908175,,
Side,Alive,Good,No,40.89243823,-73.85692458,,
Front,Dead,Dead,No,40.61234086,-73.97157949,,
Front,Alive,Good,No,40.61787037,-74.12372226,,
Front,Alive,Poor,No,40.83947355,-73.94114019,,
Side,Alive,Good,No,40.77153522,-73.95101618,,
Front,Alive,Good,No,40.74620596,-73.89357503,,
Front,Alive,Good,No,40.86122532,-73.9022927,,
Across,Alive,Good,No,40.87722191,-73.84971423,,
Across,Alive,Good,No,40.84954453,-73.90769234,,
Front,Alive,Good,No,40.63820908,-73.95429785,,
Side,Alive,Good,No,40.59658418,-73.93426444,,
Front,Alive,Good,No,40.8701144,-73.8633025,,
Adjacent,Alive,Good,No,40.83316575,-73.84511517,,
Front,Alive,Fair,No,40.54127776,-74.17525365,,
Side,Alive,Fair,No,40.66090568,-73.86460303,,
Across,Alive,Good,No,40.58903256,-73.94521651,,
Across,Alive,Good,No,40.55349127,-74.13196712,,
Front,Alive,Good,No,40.63614445,-74.12891026,,
Across,Alive,Good,No,40.89518801,-73.85288973,,
Front,Alive,Good,No,40.89630207,-73.84204094,,
Front,Alive,Good,No,40.66785979,-73.90067409,,
Front,Alive,Fair,No,40.73278263,-73.78176314,,
Front,Alive,Good,No,40.68175859,-73.97181175,,
Front,Alive,Good,No,40.69957639,-73.77834087,,
Side,Alive,Good,No,40.72689249,-73.98539953,,
Front,Alive,Good,Yes,40.59726804,-73.74719189,,
Front,Alive,Good,Yes,40.7248524,-73.80150071,,
Front,Alive,Good,No,40.70484384,-73.89230956,,
Front,Alive,Good,No,40.55645224,-74.14954319,,
Front,Alive,Good,No,40.62689138,-73.99351274,,
Front,Stump,Stump,No,40.87103304,-73.86435147,,
Front,Alive,Good,No,40.85236566,-73.88242817,,
Across,Alive,Good,Yes,40.75727214,-73.8635696,,
Front,Alive,Fair,No,40.83181831,-73.81576161,,
Front,Alive,Good,No,40.62880054,-74.16530114,,
Front,Alive,Good,No,40.62094181,-74.02994603,,
Adjacent,Alive,Good,No,40.84086206,-73.90934946,,
Assigned,Alive,Good,No,40.59317936,-74.06671111,,
Median,Alive,Good,No,40.68812613,-73.95951044,,
Across,Alive,Good,Yes,40.62337601,-73.97272641,,
Front,Alive,Good,Yes,40.89207977,-73.84806262,,
Side,Alive,Good,Yes,40.61532342,-73.9000663,,
Across,Alive,Good,No,40.65190989,-73.83916455,,
Adjacent,Alive,Good,Yes,40.69343849,-73.74928799,,
Side,Alive,Good,Yes,40.62513407,-74.07488281,,
Across,Alive,Good,No,40.72354125,-73.81145043,,
Across,Alive,Good,No,40.76908301,-73.87158999,,
Across/Side,Dead,Dead,No,40.58037703,-73.8485663,,
Front,Alive,Good,No,40.77855304,-73.84507867,,
Adjacent,Alive,Good,No,40.59208611,-73.96524497,,
Front,Alive,Fair,No,40.813997,-73.86402138,,
Median,Alive,Good,Yes,40.5995367,-74.0058237,,
Across,Alive,Good,Yes,40.71323273,-73.76349201,,
Side,Alive,Good,No,40.68863095,-73.92898155,,
Front,Alive,Good,No,40.71989502,-73.75410643,,
Front,Alive,Good,No,40.75782036,-73.73977671,,
Front,Alive,Good,Yes,40.86234051,-73.92509394,,
Front,Alive,Good,No,40.74454102,-73.9788219,,
Front,Alive,Fair,No,40.55069279,-74.18009939,,
Side,Alive,Good,No,40.560337,-74.11372714,,
Front,Alive,Good,No,40.69703802,-73.83332211,,
Assigned,Alive,Good,Yes,40.68816182,-73.78283152,,
Front,Alive,Good,No,40.8613919,-73.83985686,,
Front,Alive,Good,No,40.7612464,-73.7868243,,
Front,Alive,Good,No,40.81312607,-73.88618831,,
Front,Alive,Good,No,40.86663198,-73.84805686,,
Front,Alive,Fair,No,40.59980268,-73.7601053,,
Adjacent,Alive,Good,No,40.61235965,-74.14062608,,
Front,Alive,Good,No,40.71576943,-73.85576481,,
Front,Alive,Good,No,40.76752508,-73.76480346,,
Side,Alive,Good,No,40.69821458,-73.82258532,,
Front,Alive,Poor,No,40.64205842,-73.99193144,,
Side,Alive,Good,Yes,40.59619165,-73.95691099,,
Front,Alive,Fair,Yes,40.65876663,-73.90608116,,
Front,Alive,Poor,No,40.55795084,-74.11313224,,
Front,Alive,Good,No,40.63847861,-73.96479323,,
Side,Alive,Good,Yes,40.61237149,-73.93932219,,
Across,Alive,Good,No,40.76625318,-73.87334114,,
Side,Alive,Fair,No,40.73939076,-73.85978692,,
Front,Alive,Fair,No,40.68277748,-73.817507,,
Adjacent,Alive,Good,No,40.72702375,-73.94560885,,
Front,Alive,Good,No,40.76996317,-73.76625477,,
Front,Alive,Good,No,40.53598581,-74.16317483,,
Adjacent,Alive,Good,Yes,40.70237831,-73.92041606,,
Front,Alive,Good,Yes,40.70243484,-73.80201493,,
Front,Alive,Good,No,40.60634716,-73.90479011,,
Median,Alive,Fair,Yes,40.71057096,-73.91826136,,
Front,Alive,Good,No,40.7360174,-73.84733464,,
Front,Alive,Good,No,40.7388065,-73.70496157,,
Adjacent,Stump,Stump,No,40.88748007,-73.91691443,,
Front,Alive,Good,No,40.61716172,-73.93580113,,
Across,Alive,Good,No,40.76268276,-73.75449916,,
Side,Alive,Good,No,40.70619604,-73.90069507,,
Front,Alive,Good,No,40.81465299,-73.81619486,,
Front,Alive,Good,No,40.56619989,-74.10397767,,
Front,Alive,Good,No,40.61611636,-74.12114772,,
Front,Alive,Good,Yes,40.70915563,-73.95558234,,
Front,Alive,Good,No,40.5651506,-74.18401323,,
Adjacent,Alive,Good,Yes,40.6673586,-73.9551561,,
Front,Alive,Good,Yes,40.75818516,-73.89052061,,
Front,Alive,Good,No,40.68681237,-73.80882751,,
Side,Alive,Fair,No,40.67951931,-73.76578448,,
Front,Alive,Good,No,40.63342154,-74.03695682,,
Front,Alive,Good,No,40.63456253,-73.91020098,,
Front,Alive,Good,No,40.75103026,-73.70481703,,
Front,Alive,Fair,No,40.5291912,-74.19796591,,
Side,Alive,Fair,Yes,40.62803878,-74.15645487,,
Side,Alive,Good,No,40.61273551,-74.14912182,,
Front,Alive,Fair,No,40.74584787,-73.82085617,,
Front,Alive,Good,No,40.79813305,-73.97389065,,
Across,Alive,Fair,No,40.68888192,-73.96604391,,
Adjacent,Dead,Dead,No,40.84637828,-73.93758112,,
Front,Alive,Good,Yes,40.59706746,-73.94220488,,
Across,Alive,Good,Yes,40.5987987,-74.16410935,,
Front,Alive,Good,No,40.77272629,-73.88923108,,
Side,Alive,Good,Yes,40.71676026,-73.94397654,,
Front,Alive,Good,No,40.83419926,-73.81932059,,
Adjacent,Alive,Fair,No,40.77137286,-73.96138213,,
Front,Alive,Good,No,40.60787701,-73.75910994,,
Front,Alive,Fair,No,40.62529268,-73.95969251,,
Adjacent,Alive,Good,No,40.76556612,-73.76311668,,
Front,Alive,Good,No,40.71723806,-73.88316858,,
Front,Alive,Fair,No,40.81347444,-73.9369625,,
Front,Stump,Stump,No,40.67813022,-73.82593386,,
Side,Alive,Poor,No,40.55865142,-74.14676766,,
Side,Alive,Poor,No,40.55489649,-74.21415398,,
Front,Alive,Good,No,40.86647077,-73.83219858,,
Across,Alive,Good,No,40.69427897,-73.93951641,,
Front,Alive,Good,No,40.74796662,-73.91969135,,
Front,Alive,Good,Yes,40.79529075,-73.96504627,,
Front,Alive,Poor,No,40.87151069,-73.87991533,,
Front,Alive,Good,No,40.68368338,-73.84594769,,
Front,Alive,Good,No,40.75773879,-73.9613471,,
Front,Alive,Fair,No,40.61420196,-73.95730486,,
Front,Alive,Good,No,40.69263952,-73.7394801,,
Side,Dead,Dead,No,40.55531074,-74.11824251,,
Front,Dead,Dead,No,40.72796307,-73.94028158,,
Across,Alive,Good,No,40.60251829,-74.164873,,
Front,Alive,Good,No,40.7134636,-73.94050338,,
Side,Alive,Fair,Yes,40.73399337,-73.79842241,,
Side,Alive,Fair,No,40.51870095,-74.2113425,,
Adjacent,Alive,Good,No,40.75528279,-73.85630438,,
Across,Alive,Good,No,40.61271345,-73.95379529,,
Front,Alive,Good,No,40.80716581,-73.91371454,,
Front,Alive,Good,No,40.74153689,-73.86576624,,
Front,Alive,Good,No,40.55372198,-74.18268766,,
Front,Alive,Good,No,40.81327106,-73.95037533,,
Adjacent,Alive,Good,No,40.5013558,-74.2481927,,
Front,Alive,Good,No,40.565211,-74.11147837,,
Front,Alive,Good,No,40.72262634,-73.87498308,,
Across,Alive,Good,No,40.70742602,-73.75784755,,
Front,Alive,Poor,No,40.69295933,-73.73931293,,
Front,Alive,Good,No,40.62456876,-74.15125704,,
Side,Alive,Good,No,40.78450275,-73.91622611,,
Front,Alive,Good,No,40.54174837,-74.14520616,,
Side,Alive,Good,No,40.7486562,-73.91198883,,
Front,Alive,Fair,Yes,40.82308914,-73.90032012,,
Median,Alive,Good,Yes,40.81760961,-73.89610868,,
Front,Alive,Good,No,40.83719752,-73.86006158,,
Front,Alive,Good,Yes,40.72295282,-73.94761302,,
Front,Alive,Good,No,40.52013975,-74.19968407,,
Assigned,Alive,Good,No,40.84677813,-73.82201857,,
Front,Alive,Good,No,40.58862699,-74.1605657,,
Assigned,Alive,Fair,No,40.61828739,-74.07367801,,
Front,Alive,Good,No,40.63830139,-73.90366122,,
Front,Alive,Good,No,40.61335216,-74.06740699,,
Front,Alive,Good,No,40.70506561,-73.83657066,,
Front,Alive,Fair,No,40.75279868,-73.85778701,,
Side,Alive,Good,Yes,40.5590812,-74.15697052,,
Front,Alive,Good,No,40.60567771,-73.95472632,,
Front,Dead,Dead,No,40.70020582,-73.9247396,,
Side,Alive,Good,No,40.70212581,-73.94651487,,
Front,Alive,Good,Yes,40.75197585,-73.89602249,,
Adjacent,Alive,Fair,Yes,40.57875451,-74.1130262,,
Front,Alive,Fair,Yes,40.76326621,-73.72183926,,
Front,Alive,Poor,No,40.81746587,-73.92351526,,
Front,Alive,Good,Yes,40.60326576,-73.74590189,,
Front,Stump,Stump,No,40.6441719,-73.99530127,,
Front,Alive,Good,No,40.66275615,-73.98365333,,
Front,Alive,Good,No,40.63843177,-73.94815819,,
Front,Alive,Good,No,40.75301969,-73.75221664,,
Side,Alive,Good,No,40.84073008,-73.8328399,,
Front,Alive,Good,No,40.77395079,-73.81971153,,
Front,Alive,Good,Yes,40.72129688,-73.73113386,,
Front,Alive,Good,No,40.86342239,-73.84073464,,
Front,Alive,Good,No,40.67491069,-73.94731584,,
Assigned,Stump,Stump,No,40.60960641,-73.76298778,,
Front,Alive,Good,No,40.74377933,-73.71454807,,
Front,Alive,Good,No,40.81978114,-73.87546108,,
Front,Alive,Good,No,40.78308755,-73.94437848,,
Adjacent,Alive,Good,No,40.52822509,-74.21306285,,
Front,Alive,Good,Yes,40.66679123,-73.94479517,,
Side,Alive,Good,No,40.73916913,-73.70851781,,
Assigned,Alive,Good,No,40.79169223,-73.84802384,,
Front,Alive,Fair,No,40.87189334,-73.90645301,,
Side,Alive,Poor,No,40.75997967,-73.83470373,,
Front,Alive,Fair,No,40.70237278,-74.01143532,,
Front,Alive,Good,No,40.77219152,-73.82648177,,
Across/Side,Alive,Good,No,40.71388121,-73.81266592,,
Front,Alive,Poor,No,40.60504741,-74.095874,,
Front,Alive,Fair,No,40.68616779,-73.95047942,,
Front,Alive,Good,No,40.81577587,-73.93900572,,
Front,Alive,Good,No,40.70366408,-73.94098604,,
Front,Alive,Good,No,40.68238582,-73.73739334,,
Front,Alive,Fair,No,40.82777179,-73.82892941,,
Front,Alive,Good,Yes,40.72452621,-73.98452686,,
Side,Alive,Fair,Yes,40.83626709,-73.93894805,,
Side,Alive,Fair,No,40.67621445,-73.87374442,,
Front,Alive,Good,No,40.61439135,-74.07186,,
Front,Alive,Good,Yes,40.54381818,-74.15226835,,
Across,Alive,Poor,No,40.70038223,-73.74797925,,
Front,Alive,Good,No,40.85701981,-73.84927897,,
Side,Alive,Good,No,40.72931491,-73.74062005,,
Front,Alive,Fair,No,40.7594045,-73.73119788,,
Side,Alive,Good,Yes,40.84295563,-73.88390512,,
Side,Alive,Good,No,40.67448046,-73.88977926,,
Front,Alive,Poor,Yes,40.70778223,-73.91354431,,
Assigned,Alive,Good,No,40.7429812,-74.00050083,,
Front,Alive,Good,No,40.61172387,-73.90811651,,
Assigned,Alive,Good,No,40.62492425,-73.9680521,,
Front,Alive,Fair,No,40.72210592,-73.80484681,,
Side,Alive,Good,No,40.84184904,-73.88160971,,
Front,Alive,Good,No,40.5238893,-74.18664905,,
Front,Alive,Good,Yes,40.62071517,-74.01068963,,
Side,Alive,Good,No,40.54698047,-74.18551529,,
Front,Alive,Good,No,40.53802871,-74.19105886,,
Side,Alive,Good,No,40.62607692,-74.15197697,,
Front,Alive,Good,No,40.59704461,-73.96868205,,
Adjacent,Alive,Good,No,40.61757922,-74.03781781,,
Front,Alive,Good,No,40.73234014,-73.71941603,,
Front,Dead,Dead,No,40.73867461,-73.78875134,,
Front,Alive,Good,No,40.53845202,-74.15469387,,
Front,Alive,Good,No,40.60719802,-73.81939664,,
Front,Alive,Good,No,40.61438101,-73.99591353,,
Front,Alive,Good,No,40.63084468,-73.95257398,,
Side,Alive,Good,Yes,40.61508778,-74.01580515,,
Adjacent,Alive,Good,Yes,40.58789599,-73.9434466,,
Front,Alive,Good,No,40.6100291,-73.76529641,,
Front,Alive,Good,No,40.87480003,-73.8774556,,
Front,Alive,Good,No,40.55465882,-74.13368627,,
Front,Alive,Good,No,40.84512308,-73.91118602,,
Adjacent,Alive,Good,No,40.72655157,-73.88598993,,
