tree_id,site,status,health,root_stone,latitude,longitude
606945,Front,Alive,Good,Yes,40.63000...40.76000,>-73.89000
160321,Nearby,Alive,Good,No,40.63000...40.76000,-74.07000...-73.89000
541347,Front,Alive,Good,No,40.63000...40.76000,>-73.89000
613930,Front,Alive,Good,No,<40.63000,-74.07000...-73.89000
18353,Front,Alive,Good,No,<40.63000,>-73.89000
21173,Front,Alive,Good,No,>40.76000,-74.07000...-73.89000
544698,Front,Alive,Fair,No,40.63000...40.76000,-74.07000...-73.89000
546240,Side,Alive,Good,No,40.63000...40.76000,-74.07000...-73.89000
646348,Front,Alive,Good,No,40.63000...40.76000,>-73.89000
413812,Front,Alive,Good,No,>40.76000,>-73.89000
643898,Nearby,Alive,Good,No,40.63000...40.76000,>-73.89000
51527,Front,Alive,Good,No,<40.63000,<-74.07000
111516,Front,Alive,Good,No,40.63000...40.76000,-74.07000...-73.89000
316742,Front,Alive,Good,No,<40.63000,<-74.07000
428425,Nearby,Dead,Dead,No,40.63000...40.76000,-74.07000...-73.89000
581674,Front,Alive,Good,No,40.63000...40.76000,>-73.89000
341736,Nearby,Dead,Dead,No,>40.76000,>-73.89000
545989,Side,Alive,Good,No,<40.63000,-74.07000...-73.89000
386593,Side,Alive,Fair,Yes,<40.63000,<-74.07000
10288,Front,Alive,Fair,No,40.63000...40.76000,-74.07000...-73.89000
710291,Front,Alive,Good,No,40.63000...40.76000,-74.07000...-73.89000
608354,Front,Alive,Good,No,40.63000...40.76000,>-73.89000
365941,Front,Alive,Good,Yes,40.63000...40.76000,-74.07000...-73.89000
365757,Front,Alive,Good,No,40.63000...40.76000,-74.07000...-73.89000
78058,Front,Alive,Good,No,40.63000...40.76000,>-73.89000
655310,Nearby,Alive,Poor,No,40.63000...40.76000,>-73.89000
658091,Front,Alive,Good,No,<40.63000,<-74.07000
235893,Front,Alive,Good,No,>40.76000,>-73.89000
497126,Front,Alive,Good,No,<40.63000,<-74.07000
314098,Side,Alive,Good,No,<40.63000,<-74.07000
679996,Front,Alive,Good,No,40.63000...40.76000,>-73.89000
363526,Side,Alive,Good,No,40.63000...40.76000,-74.07000...-73.89000
640705,Front,Alive,Good,No,40.63000...40.76000,>-73.89000
421793,Front,Alive,Fair,No,40.63000...40.76000,>-73.89000
142361,Front,Alive,Good,No,>40.76000,-74.07000...-73.89000
167750,Nearby,Alive,Good,No,40.63000...40.76000,>-73.89000
516670,Side,Alive,Good,No,<40.63000,<-74.07000
308062,Nearby,Alive,Good,No,>40.76000,-74.07000...-73.89000
149949,Front,Alive,Poor,No,40.63000...40.76000,-74.07000...-73.89000
263907,Nearby,Alive,Good,No,40.63000...40.76000,-74.07000...-73.89000
555711,Nearby,Alive,Fair,No,>40.76000,-74.07000...-73.89000
246605,Front,Alive,Good,No,40.63000...40.76000,>-73.89000
284553,Side,Alive,Good,No,40.63000...40.76000,>-73.89000
495957,Front,Alive,Good,No,<40.63000,<-74.07000
42659,Front,Alive,Good,No,<40.63000,<-74.07000
468628,Front,Alive,Good,No,>40.76000,-74.07000...-73.89000
244333,Nearby,Alive,Fair,Yes,40.63000...40.76000,>-73.89000
222783,Nearby,Alive,Fair,Yes,40.63000...40.76000,>-73.89000
479427,Front,Alive,Good,No,<40.63000,>-73.89000
332416,Side,Alive,Good,No,40.63000...40.76000,>-73.89000
211906,Nearby,Stump,Dead,No,>40.76000,-74.07000...-73.89000
492967,Front,Alive,Good,No,<40.63000,<-74.07000
682922,Side,Alive,Good,No,40.63000...40.76000,>-73.89000
140851,Front,Alive,Poor,No,40.63000...40.76000,-74.07000...-73.89000
549446,Front,Alive,Good,Yes,40.63000...40.76000,-74.07000...-73.89000
392586,Nearby,Alive,Fair,No,>40.76000,>-73.89000
174662,Side,Stump,Dead,No,40.63000...40.76000,-74.07000...-73.89000
518176,Nearby,Alive,Good,No,>40.76000,>-73.89000
626661,Front,Alive,Good,Yes,40.63000...40.76000,-74.07000...-73.89000
126784,Front,Alive,Good,No,>40.76000,>-73.89000
170032,Nearby,Alive,Good,No,>40.76000,-74.07000...-73.89000
56023,Front,Alive,Good,Yes,40.63000...40.76000,>-73.89000
250862,Front,Alive,Good,No,40.63000...40.76000,-74.07000...-73.89000
101366,Nearby,Alive,Good,No,40.63000...40.76000,-74.07000...-73.89000
675128,Front,Alive,Poor,No,40.63000...40.76000,-74.07000...-73.89000
557243,Front,Alive,Good,No,40.63000...40.76000,>-73.89000
119577,Front,Alive,Good,Yes,40.63000...40.76000,-74.07000...-73.89000
64844,Front,Alive,Fair,No,<40.63000,-74.07000...-73.89000
346274,Front,Alive,Fair,No,>40.76000,>-73.89000
467576,Front,Alive,Good,Yes,>40.76000,>-73.89000
290612,Front,Alive,Good,No,>40.76000,-74.07000...-73.89000
334630,Front,Alive,Good,No,<40.63000,<-74.07000
696421,Front,Alive,Good,No,40.63000...40.76000,>-73.89000
591865,Nearby,Alive,Good,No,40.63000...40.76000,>-73.89000
554791,Front,Alive,Good,No,<40.63000,<-74.07000
470185,Front,Dead,Dead,No,>40.76000,-74.07000...-73.89000
171876,Front,Alive,Poor,No,>40.76000,-74.07000...-73.89000
671163,Nearby,Alive,Good,No,40.63000...40.76000,>-73.89000
428925,Front,Dead,Dead,No,>40.76000,>-73.89000
482943,Front,Alive,Good,No,40.63000...40.76000,-74.07000...-73.89000
627685,Front,Alive,Good,No,40.63000...40.76000,>-73.89000
399249,Front,Alive,Fair,No,>40.76000,>-73.89000
601065,Front,Alive,Good,No,40.63000...40.76000,>-73.89000
429970,Front,Alive,Good,No,<40.63000,<-74.07000
694769,Front,Alive,Good,No,>40.76000,>-73.89000
667692,Nearby,Alive,Good,No,40.63000...40.76000,-74.07000...-73.89000
534609,Side,Alive,Good,No,<40.63000,<-74.07000
428857,Front,Alive,Good,No,40.63000...40.76000,>-73.89000
221756,Front,Stump,Dead,No,40.63000...40.76000,-74.07000...-73.89000
398805,Front,Alive,Good,No,>40.76000,>-73.89000
159417,Front,Alive,Good,No,>40.76000,>-73.89000
165284,Side,Alive,Fair,No,40.63000...40.76000,>-73.89000
292021,Front,Alive,Good,No,40.63000...40.76000,>-73.89000
345077,Side,Alive,Good,No,>40.76000,>-73.89000
476398,Nearby,Alive,Poor,No,40.63000...40.76000,>-73.89000
540363,Nearby,Alive,Good,No,40.63000...40.76000,>-73.89000
54395,Front,Alive,Good,No,40.63000...40.76000,>-73.89000
181191,Side,Alive,Good,No,40.63000...40.76000,-74.07000...-73.89000
59318,Nearby,Alive,Good,No,>40.76000,-74.07000...-73.89000
421530,Front,Alive,Good,Yes,40.63000...40.76000,>-73.89000
645078,Front,Alive,Good,No,40.63000...40.76000,>-73.89000
693195,Front,Alive,Good,No,>40.76000,>-73.89000
700632,Front,Alive,Good,No,40.63000...40.76000,>-73.89000
446786,Side,Alive,Good,Yes,>40.76000,-74.07000...-73.89000
604234,Nearby,Alive,Good,No,40.63000...40.76000,>-73.89000
275844,Front,Alive,Good,No,40.63000...40.76000,>-73.89000
424125,Front,Alive,Good,No,40.63000...40.76000,-74.07000...-73.89000
336397,Front,Alive,Fair,No,<40.63000,-74.07000...-73.89000
40383,Side,Alive,Good,No,40.63000...40.76000,>-73.89000
229031,Front,Alive,Fair,Yes,40.63000...40.76000,>-73.89000
320743,Nearby,Alive,Good,No,>40.76000,>-73.89000
388561,Front,Alive,Good,No,<40.63000,-74.07000...-73.89000
214448,Front,Alive,Good,No,>40.76000,>-73.89000
486381,Front,Alive,Good,No,>40.76000,>-73.89000
109118,Front,Alive,Fair,No,40.63000...40.76000,-74.07000...-73.89000
16245,Front,Alive,Good,No,40.63000...40.76000,-74.07000...-73.89000
320561,Front,Alive,Good,No,>40.76000,>-73.89000
189031,Front,Alive,Good,No,40.63000...40.76000,-74.07000...-73.89000
317777,Nearby,Alive,Good,No,40.63000...40.76000,>-73.89000
521970,Side,Alive,Good,No,>40.76000,-74.07000...-73.89000
417933,Front,Alive,Fair,No,40.63000...40.76000,-74.07000...-73.89000
443869,Front,Alive,Good,No,<40.63000,<-74.07000
81479,Front,Alive,Good,Yes,<40.63000,<-74.07000
396960,Front,Alive,Good,Yes,>40.76000,-74.07000...-73.89000
189968,Side,Alive,Good,No,>40.76000,-74.07000...-73.89000
354326,Front,Alive,Good,No,>40.76000,>-73.89000
653891,Side,Alive,Fair,Yes,40.63000...40.76000,-74.07000...-73.89000
464564,Front,Alive,Good,No,>40.76000,>-73.89000
117640,Side,Alive,Good,No,>40.76000,-74.07000...-73.89000
541745,Front,Alive,Good,No,40.63000...40.76000,>-73.89000
624056,Front,Alive,Good,No,40.63000...40.76000,>-73.89000
416667,Front,Alive,Fair,No,40.63000...40.76000,-74.07000...-73.89000
345158,Side,Alive,Good,Yes,>40.76000,-74.07000...-73.89000
237941,Side,Alive,Good,No,40.63000...40.76000,-74.07000...-73.89000
103244,Nearby,Alive,Good,Yes,40.63000...40.76000,-74.07000...-73.89000
116260,Side,Alive,Good,Yes,40.63000...40.76000,-74.07000...-73.89000
345499,Nearby,Alive,Good,Yes,40.63000...40.76000,-74.07000...-73.89000
710279,Nearby,Alive,Good,No,40.63000...40.76000,-74.07000...-73.89000
422872,Front,Alive,Good,No,40.63000...40.76000,>-73.89000
211746,Front,Alive,Fair,No,>40.76000,-74.07000...-73.89000
503957,Front,Alive,Good,No,<40.63000,<-74.07000
269505,Front,Alive,Good,No,>40.76000,>-73.89000
237867,Nearby,Alive,Good,No,40.63000...40.76000,>-73.89000
423251,Front,Alive,Fair,No,40.63000...40.76000,>-73.89000
472672,Nearby,Alive,Good,No,>40.76000,-74.07000...-73.89000
310380,Nearby,Alive,Good,No,<40.63000,-74.07000...-73.89000
561913,Front,Alive,Good,No,>40.76000,>-73.89000
558208,Front,Alive,Good,No,40.63000...40.76000,>-73.89000
349623,Nearby,Alive,Good,No,40.63000...40.76000,-74.07000...-73.89000
385997,Front,Alive,Good,No,<40.63000,<-74.07000
170948,Nearby,Alive,Good,Yes,40.63000...40.76000,>-73.89000
475015,Nearby,Alive,Good,No,>40.76000,>-73.89000
6940,Front,Alive,Good,Yes,40.63000...40.76000,-74.07000...-73.89000
516758,Nearby,Alive,Good,No,>40.76000,>-73.89000
566705,Front,Alive,Good,No,40.63000...40.76000,>-73.89000
721305,Front,Alive,Good,No,40.63000...40.76000,>-73.89000
25085,Side,Alive,Good,No,<40.63000,-74.07000...-73.89000
98801,Front,Alive,Good,Yes,>40.76000,-74.07000...-73.89000
353845,Front,Alive,Good,Yes,<40.63000,<-74.07000
680506,Front,Alive,Good,No,40.63000...40.76000,>-73.89000
427885,Front,Alive,Good,No,>40.76000,>-73.89000
595606,Front,Alive,Good,No,40.63000...40.76000,>-73.89000
273975,Side,Alive,Good,No,40.63000...40.76000,>-73.89000
691878,Nearby,Alive,Good,No,40.63000...40.76000,>-73.89000
574957,Front,Stump,Dead,No,40.63000...40.76000,>-73.89000
74474,Nearby,Alive,Good,No,40.63000...40.76000,-74.07000...-73.89000
185415,Front,Alive,Good,Yes,>40.76000,>-73.89000
674107,Side,Stump,Dead,No,40.63000...40.76000,-74.07000...-73.89000
701534,Front,Alive,Good,Yes,40.63000...40.76000,-74.07000...-73.89000
434705,Front,Alive,Good,No,40.63000...40.76000,>-73.89000
301347,Front,Dead,Dead,No,40.63000...40.76000,-74.07000...-73.89000
17525,Side,Alive,Good,No,40.63000...40.76000,-74.07000...-73.89000
342110,Front,Alive,Good,No,<40.63000,<-74.07000
421085,Front,Alive,Good,No,40.63000...40.76000,>-73.89000
141122,Front,Alive,Good,No,40.63000...40.76000,-74.07000...-73.89000
38502,Front,Alive,Good,Yes,40.63000...40.76000,-74.07000...-73.89000
9847,Front,Alive,Poor,No,>40.76000,>-73.89000
82318,Front,Alive,Fair,No,>40.76000,-74.07000...-73.89000
219868,Nearby,Alive,Good,Yes,40.63000...40.76000,>-73.89000
696552,Front,Alive,Fair,No,40.63000...40.76000,>-73.89000
699839,Side,Alive,Good,Yes,40.63000...40.76000,-74.07000...-73.89000
403109,Front,Alive,Good,No,40.63000...40.76000,<-74.07000
503851,Front,Alive,Good,No,>40.76000,>-73.89000
52892,Front,Alive,Good,No,<40.63000,<-74.07000
660651,Nearby,Alive,Good,Yes,40.63000...40.76000,>-73.89000
506677,Front,Alive,Good,No,>40.76000,>-73.89000
358537,Nearby,Alive,Good,No,40.63000...40.76000,>-73.89000
488985,Front,Alive,Fair,Yes,>40.76000,-74.07000...-73.89000
642617,Front,Alive,Good,No,40.63000...40.76000,>-73.89000
151404,Front,Alive,Good,No,40.63000...40.76000,>-73.89000
527841,Side,Alive,Good,Yes,<40.63000,-74.07000...-73.89000
589426,Nearby,Alive,Good,No,40.63000...40.76000,>-73.89000
70644,Nearby,Alive,Good,No,<40.63000,<-74.07000
583586,Front,Dead,Dead,No,40.63000...40.76000,-74.07000...-73.89000
288287,Front,Alive,Good,Yes,40.63000...40.76000,-74.07000...-73.89000
625247,Rear,Alive,Good,No,<40.63000,>-73.89000
374924,Front,Alive,Fair,No,>40.76000,-74.07000...-73.89000
155777,Nearby,Alive,Good,No,>40.76000,>-73.89000
89077,Front,Alive,Good,No,40.63000...40.76000,>-73.89000
254202,Front,Alive,Good,No,40.63000...40.76000,>-73.89000
700800,Nearby/Side,Alive,Good,No,<40.63000,-74.07000...-73.89000
55581,Front,Alive,Good,No,40.63000...40.76000,-74.07000...-73.89000
111925,Nearby,Alive,Good,No,40.63000...40.76000,-74.07000...-73.89000
396640,Front,Alive,Good,Yes,>40.76000,>-73.89000
344889,Front,Alive,Good,No,40.63000...40.76000,<-74.07000
476558,Front,Alive,Fair,No,40.63000...40.76000,>-73.89000
589675,Front,Alive,Poor,No,>40.76000,>-73.89000
565648,Front,Alive,Good,Yes,>40.76000,>-73.89000
486442,Front,Alive,Good,No,40.63000...40.76000,-74.07000...-73.89000
57702,Front,Alive,Fair,No,<40.63000,>-73.89000
412686,Front,Alive,Good,No,>40.76000,>-73.89000
700067,Front,Alive,Good,Yes,40.63000...40.76000,-74.07000...-73.89000
116803,Side,Alive,Good,No,>40.76000,>-73.89000
556130,Side,Alive,Good,No,40.63000...40.76000,-74.07000...-73.89000
684492,Nearby,Alive,Good,No,>40.76000,-74.07000...-73.89000
168890,Front,Alive,Good,No,40.63000...40.76000,>-73.89000
388299,Nearby,Alive,Fair,No,>40.76000,>-73.89000
270055,Front,Alive,Good,Yes,<40.63000,-74.07000...-73.89000
318053,Front,Alive,Good,No,<40.63000,<-74.07000
499769,Nearby,Alive,Good,No,<40.63000,<-74.07000
106834,Nearby,Alive,Good,Yes,40.63000...40.76000,-74.07000...-73.89000
621763,Side,Alive,Good,No,>40.76000,>-73.89000
367359,Side,Alive,Good,No,40.63000...40.76000,>-73.89000
99692,Front,Alive,Good,Yes,>40.76000,-74.07000...-73.89000
259813,Front,Alive,Good,No,40.63000...40.76000,>-73.89000
436885,Nearby,Alive,Good,Yes,40.63000...40.76000,-74.07000...-73.89000
145112,Front,Alive,Good,No,40.63000...40.76000,-74.07000...-73.89000
191833,Front,Alive,Good,No,40.63000...40.76000,>-73.89000
146062,Front,Alive,Good,Yes,40.63000...40.76000,-74.07000...-73.89000
411109,Front,Alive,Good,No,>40.76000,-74.07000...-73.89000
463639,Front,Alive,Fair,No,>40.76000,>-73.89000
505185,Front,Alive,Good,No,<40.63000,-74.07000...-73.89000
651700,Side,Alive,Fair,No,>40.76000,-74.07000...-73.89000
4792,Side,Alive,Good,No,40.63000...40.76000,-74.07000...-73.89000
277221,Side,Alive,Good,Yes,40.63000...40.76000,-74.07000...-73.89000
673788,Front,Alive,Good,Yes,40.63000...40.76000,-74.07000...-73.89000
232506,Nearby,Alive,Good,Yes,>40.76000,>-73.89000
408629,Side,Alive,Poor,No,>40.76000,>-73.89000
7520,Front,Stump,Stump,No,40.63000...40.76000,>-73.89000
424003,Front,Alive,Fair,No,40.63000...40.76000,-74.07000...-73.89000
15017,Front,Alive,Good,Yes,40.63000...40.76000,>-73.89000
600784,Front,Alive,Good,No,>40.76000,>-73.89000
211244,Front,Alive,Good,No,40.63000...40.76000,>-73.89000
400429,Front,Alive,Good,No,40.63000...40.76000,>-73.89000
619752,Front,Alive,Good,No,40.63000...40.76000,>-73.89000
323857,Nearby,Alive,Good,No,>40.76000,>-73.89000
251651,Nearby,Alive,Good,Yes,40.63000...40.76000,>-73.89000
68069,Side,Alive,Good,No,40.63000...40.76000,>-73.89000
569380,Front,Alive,Good,No,<40.63000,<-74.07000
384592,Nearby,Alive,Good,No,40.63000...40.76000,>-73.89000
561034,Nearby,Alive,Good,No,40.63000...40.76000,>-73.89000
697455,Nearby,Alive,Good,No,<40.63000,<-74.07000
376826,Front,Alive,Poor,No,40.63000...40.76000,<-74.07000
550003,Front,Alive,Good,No,>40.76000,>-73.89000
502204,Front,Alive,Good,No,40.63000...40.76000,-74.07000...-73.89000
655893,Front,Alive,Good,Yes,40.63000...40.76000,-74.07000...-73.89000
128101,Side,Alive,Fair,No,<40.63000,-74.07000...-73.89000
85017,Front,Alive,Fair,No,<40.63000,-74.07000...-73.89000
412148,Side,Alive,Fair,No,40.63000...40.76000,-74.07000...-73.89000
271336,Front,Stump,Stump,No,40.63000...40.76000,>-73.89000
576946,Nearby,Alive,Good,No,40.63000...40.76000,>-73.89000
87553,Front,Dead,Dead,No,40.63000...40.76000,-74.07000...-73.89000
446742,Front,Alive,Fair,No,40.63000...40.76000,>-73.89000
264421,Front,Alive,Good,Yes,>40.76000,-74.07000...-73.89000
311721,Front,Alive,Good,Yes,40.63000...40.76000,<-74.07000
549977,Front,Alive,Poor,Yes,40.63000...40.76000,-74.07000...-73.89000
137132,Nearby,Alive,Poor,No,<40.63000,<-74.07000
282704,Front,Alive,Fair,Yes,40.63000...40.76000,-74.07000...-73.89000
92459,Side,Alive,Good,No,40.63000...40.76000,-74.07000...-73.89000
34207,Front,Alive,Good,No,<40.63000,-74.07000...-73.89000
398651,Front,Alive,Good,No,<40.63000,<-74.07000
356168,Nearby,Alive,Good,No,40.63000...40.76000,>-73.89000
31494,Front,Alive,Fair,No,40.63000...40.76000,>-73.89000
667876,Nearby,Alive,Good,No,<40.63000,<-74.07000
505409,Front,Alive,Good,No,<40.63000,-74.07000...-73.89000
425743,Front,Alive,Good,No,<40.63000,<-74.07000
386845,Front,Alive,Good,Yes,40.63000...40.76000,-74.07000...-73.89000
613386,Front,Alive,Good,Yes,40.63000...40.76000,>-73.89000
30761,Nearby,Stump,Stump,No,40.63000...40.76000,-74.07000...-73.89000
677023,Front,Alive,Good,No,<40.63000,<-74.07000
481618,Front,Alive,Fair,Yes,40.63000...40.76000,-74.07000...-73.89000
37616,Nearby,Alive,Good,No,40.63000...40.76000,-74.07000...-73.89000
527272,Nearby,Dead,Dead,No,40.63000...40.76000,>-73.89000
661823,Front,Alive,Fair,No,40.63000...40.76000,>-73.89000
423443,Front,Alive,Good,Yes,>40.76000,>-73.89000
195410,Nearby,Stump,Stump,No,40.63000...40.76000,-74.07000...-73.89000
665034,Front,Alive,Good,No,40.63000...40.76000,-74.07000...-73.89000
174438,Nearby,Alive,Good,Yes,40.63000...40.76000,>-73.89000
351351,Front,Alive,Good,No,40.63000...40.76000,-74.07000...-73.89000
191424,Front,Alive,Good,No,>40.76000,-74.07000...-73.89000
369069,Front,Alive,Good,No,<40.63000,>-73.89000
219355,Side,Alive,Good,Yes,40.63000...40.76000,-74.07000...-73.89000
153292,Nearby,Alive,Good,No,40.63000...40.76000,-74.07000...-73.89000
72636,Front,Alive,Good,No,<40.63000,-74.07000...-73.89000
226627,Front,Alive,Good,No,40.63000...40.76000,-74.07000...-73.89000
208688,Side,Alive,Good,No,<40.63000,-74.07000...-73.89000
79842,Front,Alive,Fair,No,>40.76000,>-73.89000
341693,Side,Alive,Good,No,>40.76000,-74.07000...-73.89000
266156,Front,Alive,Good,No,>40.76000,>-73.89000
181367,Nearby,Alive,Fair,No,<40.63000,<-74.07000
527582,Front,Alive,Good,No,>40.76000,-74.07000...-73.89000
116556,Nearby,Alive,Good,No,40.63000...40.76000,>-73.89000
455041,Front,Alive,Good,No,<40.63000,-74.07000...-73.89000
577133,Front,Dead,Dead,No,>40.76000,-74.07000...-73.89000
28848,Side,Alive,Good,No,<40.63000,<-74.07000
299701,Front,Dead,Dead,No,<40.63000,<-74.07000
561636,Front,Alive,Fair,No,40.63000...40.76000,-74.07000...-73.89000
693542,Nearby,Alive,Good,No,<40.63000,<-74.07000
359021,Front,Alive,Good,Yes,40.63000...40.76000,>-73.89000
135718,Front,Alive,Good,Yes,40.63000...40.76000,>-73.89000
99271,Nearby,Alive,Good,No,40.63000...40.76000,-74.07000...-73.89000
100744,Front,Alive,Good,No,<40.63000,<-74.07000
210257,Nearby,Alive,Good,No,40.63000...40.76000,-74.07000...-73.89000
179676,Nearby,Alive,Good,Yes,40.63000...40.76000,<-74.07000
141631,Front,Alive,Fair,No,<40.63000,>-73.89000
158982,Nearby,Alive,Good,No,<40.63000,<-74.07000
209152,Nearby,Alive,Good,No,<40.63000,<-74.07000
91564,Front,Alive,Good,No,40.63000...40.76000,>-73.89000
645718,Front,Alive,Good,No,<40.63000,<-74.07000
161861,Front,Alive,Good,No,>40.76000,>-73.89000
597138,Side,Alive,Good,No,<40.63000,<-74.07000
283923,Front,Alive,Good,No,40.63000...40.76000,>-73.89000
715684,Nearby,Alive,Good,No,>40.76000,>-73.89000
346200,Front,Alive,Good,No,40.63000...40.76000,>-73.89000
677351,Front,Alive,Good,No,40.63000...40.76000,>-73.89000
371165,Front,Alive,Good,No,40.63000...40.76000,-74.07000...-73.89000
104756,Front,Alive,Good,No,>40.76000,>-73.89000
202913,Front,Alive,Good,No,<40.63000,<-74.07000
405412,Front,Alive,Good,Yes,40.63000...40.76000,>-73.89000
290021,Front,Alive,Good,No,<40.63000,<-74.07000
299322,Side,Alive,Poor,Yes,40.63000...40.76000,-74.07000...-73.89000
59424,Front,Alive,Good,No,40.63000...40.76000,-74.07000...-73.89000
48984,Nearby,Alive,Fair,Yes,40.63000...40.76000,-74.07000...-73.89000
667053,Front,Alive,Good,Yes,40.63000...40.76000,-74.07000...-73.89000
701976,Side,Alive,Good,No,40.63000...40.76000,>-73.89000
207159,Front,Alive,Good,Yes,40.63000...40.76000,>-73.89000
26965,Nearby,Stump,Stump,No,40.63000...40.76000,>-73.89000
134397,Nearby,Alive,Good,No,>40.76000,>-73.89000
571892,Front,Alive,Good,No,<40.63000,<-74.07000
527949,Front,Alive,Poor,No,<40.63000,>-73.89000
400641,Front,Alive,Good,No,<40.63000,<-74.07000
368200,Front,Alive,Good,No,>40.76000,>-73.89000
425904,Front,Alive,Fair,No,40.63000...40.76000,-74.07000...-73.89000
583380,Front,Alive,Good,No,40.63000...40.76000,-74.07000...-73.89000
68645,Front,Alive,Good,No,40.63000...40.76000,>-73.89000
649055,Front,Alive,Good,Yes,>40.76000,-74.07000...-73.89000
184372,Front,Alive,Good,No,40.63000...40.76000,-74.07000...-73.89000
308384,Side,Alive,Good,No,40.63000...40.76000,-74.07000...-73.89000
571308,Front,Alive,Good,Yes,>40.76000,>-73.89000
201155,Front,Alive,Poor,Yes,40.63000...40.76000,>-73.89000
457960,Front,Alive,Good,No,40.63000...40.76000,<-74.07000
476893,Front,Alive,Good,Yes,40.63000...40.76000,>-73.89000
666901,Front,Alive,Good,No,40.63000...40.76000,-74.07000...-73.89000
582205,Front,Stump,Stump,No,40.63000...40.76000,>-73.89000
226955,Front,Alive,Poor,No,>40.76000,-74.07000...-73.89000
269238,Front,Alive,Good,No,40.63000...40.76000,-74.07000...-73.89000
710025,Front,Stump,Stump,No,40.63000...40.76000,-74.07000...-73.89000
134288,Front,Alive,Good,No,40.63000...40.76000,<-74.07000
286457,Front,Alive,Good,No,40.63000...40.76000,-74.07000...-73.89000
529223,Front,Alive,Good,No,40.63000...40.76000,>-73.89000
384731,Front,Alive,Good,No,40.63000...40.76000,-74.07000...-73.89000
220312,Side,Alive,Good,No,<40.63000,<-74.07000
530484,Nearby,Alive,Good,No,40.63000...40.76000,-74.07000...-73.89000
160724,Nearby,Alive,Good,Yes,>40.76000,-74.07000...-73.89000
452887,Nearby,Alive,Good,No,40.63000...40.76000,>-73.89000
665337,Front,Alive,Good,No,40.63000...40.76000,>-73.89000
43240,Side,Alive,Good,Yes,<40.63000,<-74.07000
195136,Front,Alive,Poor,No,40.63000...40.76000,-74.07000...-73.89000
704107,Front,Alive,Good,No,>40.76000,>-73.89000
662697,Front,Stump,Stump,No,40.63000...40.76000,-74.07000...-73.89000
694404,Side,Alive,Good,No,40.63000...40.76000,>-73.89000
544258,Front,Alive,Good,No,40.63000...40.76000,-74.07000...-73.89000
45910,Nearby,Alive,Good,No,>40.76000,>-73.89000
8722,Nearby,Alive,Poor,No,>40.76000,-74.07000...-73.89000
75522,Side,Alive,Good,Yes,<40.63000,<-74.07000
9939,Nearby,Alive,Good,Yes,>40.76000,-74.07000...-73.89000
281792,Front,Alive,Good,No,40.63000...40.76000,-74.07000...-73.89000
569270,Nearby,Alive,Good,No,<40.63000,-74.07000...-73.89000
118154,Front,Alive,Good,No,>40.76000,>-73.89000
257187,Side,Alive,Good,No,40.63000...40.76000,-74.07000...-73.89000
108923,Nearby,Alive,Good,No,40.63000...40.76000,-74.07000...-73.89000
131431,Nearby,Alive,Good,No,>40.76000,-74.07000...-73.89000
471028,Nearby,Alive,Good,Yes,<40.63000,-74.07000...-73.89000
179401,Front,Alive,Good,No,<40.63000,-74.07000...-73.89000
681776,Front,Alive,Good,No,40.63000...40.76000,>-73.89000
557908,Nearby,Alive,Poor,No,40.63000...40.76000,>-73.89000
635442,Front,Stump,Stump,No,40.63000...40.76000,-74.07000...-73.89000
695667,Nearby,Alive,Good,No,>40.76000,>-73.89000
56274,Front,Alive,Good,No,40.63000...40.76000,>-73.89000
720642,Nearby,Alive,Fair,No,<40.63000,>-73.89000
341889,Nearby,Alive,Poor,No,40.63000...40.76000,>-73.89000
416283,Front,Alive,Good,Yes,40.63000...40.76000,>-73.89000
721668,Front,Alive,Fair,No,40.63000...40.76000,-74.07000...-73.89000
78753,Side,Alive,Good,No,>40.76000,>-73.89000
366738,Front,Alive,Good,No,40.63000...40.76000,-74.07000...-73.89000
482572,Nearby,Alive,Fair,No,40.63000...40.76000,-74.07000...-73.89000
36664,Front,Alive,Good,No,40.63000...40.76000,>-73.89000
432493,Front,Alive,Good,No,<40.63000,<-74.07000
406893,Front,Alive,Good,Yes,40.63000...40.76000,>-73.89000
531946,Nearby,Alive,Good,Yes,40.63000...40.76000,-74.07000...-73.89000
262380,Front,Alive,Good,No,40.63000...40.76000,-74.07000...-73.89000
496747,Nearby,Alive,Poor,No,<40.63000,<-74.07000
56926,Side,Alive,Good,No,40.63000...40.76000,>-73.89000
592798,Front,Alive,Good,No,<40.63000,-74.07000...-73.89000
88045,Front,Alive,Good,Yes,40.63000...40.76000,>-73.89000
611803,Front,Alive,Good,Yes,40.63000...40.76000,-74.07000...-73.89000
626798,Front,Alive,Good,No,40.63000...40.76000,>-73.89000
450866,Front,Alive,Good,No,40.63000...40.76000,-74.07000...-73.89000
118324,Side,Alive,Poor,Yes,40.63000...40.76000,>-73.89000
572055,Front,Alive,Good,Yes,40.63000...40.76000,-74.07000...-73.89000
455797,Front,Alive,Good,No,40.63000...40.76000,-74.07000...-73.89000
121793,Nearby,Alive,Good,No,<40.63000,-74.07000...-73.89000
645266,Side,Alive,Good,No,<40.63000,<-74.07000
282699,Nearby,Alive,Fair,No,40.63000...40.76000,>-73.89000
131704,Front,Alive,Good,No,40.63000...40.76000,>-73.89000
62435,Nearby,Alive,Good,No,<40.63000,<-74.07000
529295,Front,Alive,Fair,No,40.63000...40.76000,-74.07000...-73.89000
61254,Nearby,Alive,Good,Yes,40.63000...40.76000,>-73.89000
563052,Side,Alive,Good,No,<40.63000,<-74.07000
514135,Nearby,Alive,Good,No,<40.63000,<-74.07000
314731,Nearby,Alive,Good,Yes,<40.63000,-74.07000...-73.89000
227928,Front,Alive,Good,No,<40.63000,<-74.07000
358166,Front,Alive,Good,No,>40.76000,-74.07000...-73.89000
392517,Front,Alive,Good,No,>40.76000,-74.07000...-73.89000
355187,Front,Alive,Good,Yes,<40.63000,-74.07000...-73.89000
327852,Side,Alive,Good,No,>40.76000,>-73.89000
80580,Front,Alive,Good,No,40.63000...40.76000,>-73.89000
721959,Nearby,Alive,Fair,No,<40.63000,<-74.07000
114568,Front,Alive,Good,No,40.63000...40.76000,-74.07000...-73.89000
72621,Front,Alive,Poor,No,40.63000...40.76000,>-73.89000
604656,Side,Alive,Fair,Yes,>40.76000,-74.07000...-73.89000
74441,Front,Alive,Good,No,<40.63000,<-74.07000
124835,Nearby,Alive,Fair,No,40.63000...40.76000,-74.07000...-73.89000
619392,Nearby,Alive,Good,No,<40.63000,<-74.07000
45621,Nearby,Alive,Good,No,<40.63000,-74.07000...-73.89000
425353,Front,Alive,Fair,Yes,40.63000...40.76000,-74.07000...-73.89000
559397,Front,Alive,Fair,No,>40.76000,>-73.89000
309351,Side,Alive,Good,Yes,40.63000...40.76000,-74.07000...-73.89000
303462,Front,Alive,Good,Yes,>40.76000,>-73.89000
637279,Side,Alive,Good,No,<40.63000,<-74.07000
330428,Front,Alive,Good,No,40.63000...40.76000,-74.07000...-73.89000
520098,Front,Alive,Good,No,>40.76000,>-73.89000
507435,Front,Alive,Good,No,>40.76000,>-73.89000
9189,Front,Alive,Good,No,40.63000...40.76000,>-73.89000
40679,Nearby,Alive,Fair,No,40.63000...40.76000,>-73.89000
132916,Side,Alive,Good,No,<40.63000,<-74.07000
368503,Front,Alive,Good,No,40.63000...40.76000,-74.07000...-73.89000
134859,Front,Alive,Good,Yes,>40.76000,-74.07000...-73.89000
125672,Front,Alive,Good,No,40.63000...40.76000,>-73.89000
51868,Front,Alive,Good,Yes,<40.63000,-74.07000...-73.89000
190960,Front,Alive,Good,No,40.63000...40.76000,-74.07000...-73.89000
208034,Nearby,Alive,Good,No,40.63000...40.76000,-74.07000...-73.89000
174538,Side,Alive,Good,No,<40.63000,<-74.07000
361797,Side,Alive,Good,No,>40.76000,-74.07000...-73.89000
287743,Front,Alive,Good,No,40.63000...40.76000,>-73.89000
433643,Front,Alive,Good,No,<40.63000,-74.07000...-73.89000
227494,Front,Alive,Good,No,<40.63000,<-74.07000
483455,Front,Alive,Good,No,>40.76000,>-73.89000
270516,Front,Alive,Good,No,<40.63000,<-74.07000
510647,Front,Alive,Good,No,>40.76000,-74.07000...-73.89000
69428,Front,Alive,Good,No,>40.76000,-74.07000...-73.89000
258385,Front,Alive,Fair,No,>40.76000,>-73.89000
556741,Front,Alive,Good,No,<40.63000,<-74.07000
99167,Nearby,Alive,Good,No,40.63000...40.76000,>-73.89000
604402,Front,Alive,Good,No,40.63000...40.76000,>-73.89000
226559,Nearby,Alive,Good,Yes,40.63000...40.76000,-74.07000...-73.89000
582353,Front,Alive,Good,No,40.63000...40.76000,-74.07000...-73.89000
76988,Side,Dead,Dead,No,40.63000...40.76000,>-73.89000
630009,Front,Alive,Good,No,>40.76000,>-73.89000
405378,Side,Alive,Good,No,<40.63000,<-74.07000
301884,Nearby,Alive,Good,No,40.63000...40.76000,>-73.89000
151957,Front,Alive,Good,No,40.63000...40.76000,-74.07000...-73.89000
457497,Front,Alive,Fair,No,40.63000...40.76000,>-73.89000
219226,Front,Alive,Good,No,<40.63000,<-74.07000
291460,Front,Alive,Poor,No,>40.76000,>-73.89000
361697,Front,Alive,Good,Yes,40.63000...40.76000,>-73.89000
338798,Front,Alive,Good,Yes,40.63000...40.76000,-74.07000...-73.89000
59434,Front,Alive,Good,No,40.63000...40.76000,>-73.89000
128895,Side,Alive,Good,No,<40.63000,<-74.07000
576001,Front,Alive,Good,No,40.63000...40.76000,-74.07000...-73.89000
42567,Front,Alive,Good,No,40.63000...40.76000,-74.07000...-73.89000
25295,Nearby,Alive,Fair,No,40.63000...40.76000,>-73.89000
50978,Side,Alive,Good,Yes,40.63000...40.76000,>-73.89000
692503,Front,Alive,Good,No,40.63000...40.76000,-74.07000...-73.89000
81871,Front,Alive,Good,No,40.63000...40.76000,>-73.89000
567337,Front,Alive,Good,Yes,40.63000...40.76000,>-73.89000
285986,Front,Alive,Good,No,40.63000...40.76000,>-73.89000
224948,Front,Alive,Good,Yes,40.63000...40.76000,-74.07000...-73.89000
261976,Front,Alive,Good,No,>40.76000,>-73.89000
473697,Front,Alive,Good,No,40.63000...40.76000,>-73.89000
585639,Nearby,Alive,Fair,No,<40.63000,<-74.07000
197475,Side,Alive,Good,No,>40.76000,>-73.89000
598882,Side,Alive,Good,No,40.63000...40.76000,>-73.89000
224315,Front,Alive,Good,No,<40.63000,<-74.07000
443749,Front,Alive,Good,Yes,<40.63000,-74.07000...-73.89000
37412,Front,Alive,Good,No,>40.76000,-74.07000...-73.89000
205737,Front,Alive,Good,Yes,<40.63000,-74.07000...-73.89000
590464,Side,Alive,Good,No,>40.76000,-74.07000...-73.89000
41173,Front,Alive,Good,No,>40.76000,-74.07000...-73.89000
23131,Nearby,Alive,Good,No,<40.63000,<-74.07000
324222,Nearby,Alive,Good,No,40.63000...40.76000,-74.07000...-73.89000
690015,Front,Alive,Good,No,>40.76000,>-73.89000
375916,Front,Alive,Good,No,40.63000...40.76000,>-73.89000
580626,Front,Alive,Good,No,>40.76000,>-73.89000
10090,Front,Alive,Good,No,40.63000...40.76000,-74.07000...-73.89000
375829,Front,Alive,Fair,No,40.63000...40.76000,-74.07000...-73.89000
26519,Nearby,Alive,Fair,No,<40.63000,>-73.89000
174824,Nearby,Alive,Good,No,>40.76000,>-73.89000
707244,Nearby,Alive,Good,No,40.63000...40.76000,>-73.89000
355228,Front,Alive,Good,No,40.63000...40.76000,<-74.07000
469381,Front,Alive,Good,No,<40.63000,<-74.07000
470464,Side,Alive,Good,No,>40.76000,>-73.89000
597368,Front,Alive,Good,Yes,<40.63000,<-74.07000
167631,Front,Alive,Poor,No,40.63000...40.76000,>-73.89000
154705,Front,Alive,Fair,No,40.63000...40.76000,>-73.89000
679908,Front,Alive,Good,Yes,>40.76000,-74.07000...-73.89000
19558,Front,Alive,Good,No,>40.76000,-74.07000...-73.89000
4799,Side,Alive,Good,No,<40.63000,<-74.07000
516107,Nearby,Alive,Good,No,<40.63000,<-74.07000
513751,Front,Alive,Good,No,<40.63000,<-74.07000
294196,Side,Alive,Good,No,40.63000...40.76000,>-73.89000
284973,Side,Alive,Good,No,40.63000...40.76000,>-73.89000
390317,Front,Alive,Good,No,>40.76000,>-73.89000
500556,Nearby,Alive,Good,No,<40.63000,<-74.07000
327946,Front,Alive,Good,No,40.63000...40.76000,>-73.89000
666557,Nearby,Alive,Good,No,<40.63000,-74.07000...-73.89000
171569,Nearby,Alive,Good,No,>40.76000,-74.07000...-73.89000
135270,Nearby,Alive,Good,No,<40.63000,<-74.07000
309329,Front,Alive,Good,No,>40.76000,>-73.89000
575488,Front,Alive,Good,No,>40.76000,>-73.89000
399313,Front,Alive,Good,No,>40.76000,>-73.89000
515975,Nearby,Alive,Good,No,40.63000...40.76000,-74.07000...-73.89000
233035,Front,Alive,Good,No,40.63000...40.76000,-74.07000...-73.89000
620843,Front,Alive,Good,Yes,40.63000...40.76000,>-73.89000
666900,Nearby,Alive,Good,Yes,40.63000...40.76000,-74.07000...-73.89000
340630,Front,Alive,Good,No,40.63000...40.76000,>-73.89000
11832,Front,Alive,Poor,No,40.63000...40.76000,>-73.89000
718759,Front,Alive,Good,Yes,>40.76000,>-73.89000
15506,Front,Alive,Good,No,>40.76000,-74.07000...-73.89000
193655,Front,Alive,Good,No,>40.76000,>-73.89000
112087,Front,Alive,Good,Yes,>40.76000,>-73.89000
318914,Nearby,Alive,Good,No,40.63000...40.76000,-74.07000...-73.89000
179925,Front,Alive,Good,No,40.63000...40.76000,-74.07000...-73.89000
208218,Front,Alive,Good,No,40.63000...40.76000,-74.07000...-73.89000
546080,Front,Alive,Fair,No,40.63000...40.76000,-74.07000...-73.89000
546287,Front,Alive,Good,No,>40.76000,>-73.89000
468376,Nearby,Stump,Stump,No,40.63000...40.76000,>-73.89000
591055,Front,Alive,Good,Yes,<40.63000,-74.07000...-73.89000
224672,Side,Alive,Good,No,40.63000...40.76000,-74.07000...-73.89000
181194,Front,Alive,Good,No,40.63000...40.76000,-74.07000...-73.89000
659066,Nearby,Alive,Good,No,40.63000...40.76000,-74.07000...-73.89000
700643,Front,Alive,Good,No,40.63000...40.76000,-74.07000...-73.89000
371174,Side,Alive,Fair,No,40.63000...40.76000,-74.07000...-73.89000
31159,Nearby,Alive,Good,No,40.63000...40.76000,>-73.89000
719188,Front,Alive,Good,Yes,40.63000...40.76000,-74.07000...-73.89000
615534,Nearby,Alive,Good,No,40.63000...40.76000,-74.07000...-73.89000
191278,Front,Alive,Good,Yes,40.63000...40.76000,-74.07000...-73.89000
110660,Nearby,Alive,Fair,No,>40.76000,-74.07000...-73.89000
311032,Front,Alive,Good,Yes,40.63000...40.76000,-74.07000...-73.89000
408680,Nearby,Alive,Fair,Yes,40.63000...40.76000,-74.07000...-73.89000
77485,Front,Alive,Fair,No,40.63000...40.76000,>-73.89000
72564,Front,Alive,Good,No,40.63000...40.76000,>-73.89000
573216,Front,Alive,Good,No,<40.63000,<-74.07000
499421,Front,Alive,Good,No,40.63000...40.76000,>-73.89000
265333,Nearby,Alive,Good,Yes,>40.76000,-74.07000...-73.89000
377998,Nearby,Alive,Good,No,>40.76000,>-73.89000
89454,Nearby,Alive,Good,No,<40.63000,<-74.07000
231385,Nearby,Alive,Good,No,>40.76000,>-73.89000
381377,Side,Alive,Poor,No,<40.63000,>-73.89000
185962,Front,Alive,Good,Yes,40.63000...40.76000,-74.07000...-73.89000
670938,Side,Alive,Good,No,>40.76000,>-73.89000
714540,Front,Alive,Good,Yes,40.63000...40.76000,-74.07000...-73.89000
147166,Front,Alive,Good,No,40.63000...40.76000,-74.07000...-73.89000
709724,Front,Alive,Good,No,<40.63000,-74.07000...-73.89000
163973,Front,Alive,Good,No,>40.76000,-74.07000...-73.89000
521719,Front,Alive,Good,No,>40.76000,-74.07000...-73.89000
142444,Front,Alive,Fair,No,40.63000...40.76000,>-73.89000
433300,Side,Alive,Good,No,40.63000...40.76000,-74.07000...-73.89000
343041,Front,Alive,Fair,No,40.63000...40.76000,<-74.07000
372469,Nearby,Alive,Fair,No,40.63000...40.76000,-74.07000...-73.89000
410712,Front,Alive,Good,No,40.63000...40.76000,>-73.89000
355020,Front,Alive,Good,Yes,<40.63000,-74.07000...-73.89000
709948,Front,Alive,Fair,No,<40.63000,-74.07000...-73.89000
39001,Front,Alive,Good,No,>40.76000,-74.07000...-73.89000
82256,Front,Alive,Good,No,40.63000...40.76000,-74.07000...-73.89000
30634,Nearby,Alive,Good,Yes,40.63000...40.76000,>-73.89000
145970,Front,Alive,Fair,No,40.63000...40.76000,-74.07000...-73.89000
97157,Front,Alive,Good,Yes,40.63000...40.76000,>-73.89000
417636,Nearby,Alive,Good,No,40.63000...40.76000,>-73.89000
266976,Front,Alive,Poor,Yes,40.63000...40.76000,-74.07000...-73.89000
480831,Nearby,Alive,Good,Yes,40.63000...40.76000,-74.07000...-73.89000
55880,Front,Alive,Good,No,>40.76000,>-73.89000
647573,Nearby,Alive,Good,No,>40.76000,-74.07000...-73.89000
247585,Front,Alive,Good,No,>40.76000,-74.07000...-73.89000
374492,Front,Alive,Good,No,40.63000...40.76000,>-73.89000
438669,Front,Alive,Good,No,40.63000...40.76000,>-73.89000
537799,Nearby,Alive,Good,No,<40.63000,-74.07000...-73.89000
623339,Front,Alive,Good,No,40.63000...40.76000,-74.07000...-73.89000
131430,Front,Alive,Fair,Yes,<40.63000,-74.07000...-73.89000
397998,Front,Alive,Fair,No,40.63000...40.76000,-74.07000...-73.89000
165866,Nearby,Alive,Fair,No,<40.63000,<-74.07000
526070,Front,Alive,Good,Yes,>40.76000,-74.07000...-73.89000
479759,Front,Alive,Poor,No,<40.63000,<-74.07000
529898,Front,Alive,Fair,No,<40.63000,<-74.07000
501614,Front,Alive,Good,No,<40.63000,<-74.07000
487988,Front,Alive,Fair,Yes,40.63000...40.76000,>-73.89000
249888,Front,Dead,Dead,No,40.63000...40.76000,-74.07000...-73.89000
48768,Front,Alive,Good,No,>40.76000,>-73.89000
3002,Nearby,Alive,Good,No,<40.63000,<-74.07000
455297,Side,Alive,Good,No,<40.63000,<-74.07000
306157,Nearby,Alive,Good,No,<40.63000,<-74.07000
499485,Front,Alive,Good,No,40.63000...40.76000,-74.07000...-73.89000
344616,Front,Alive,Good,No,>40.76000,>-73.89000
357351,Front,Alive,Good,No,40.63000...40.76000,>-73.89000
632541,Front,Alive,Poor,No,>40.76000,-74.07000...-73.89000
451203,Side,Alive,Good,No,<40.63000,>-73.89000
529986,Front,Alive,Good,No,<40.63000,-74.07000...-73.89000
154450,Front,Alive,Good,No,<40.63000,<-74.07000
152138,Front,Alive,Good,No,>40.76000,-74.07000...-73.89000
221941,Nearby,Alive,Fair,No,>40.76000,-74.07000...-73.89000
315761,Front,Alive,Good,No,<40.63000,<-74.07000
362942,Front,Alive,Good,No,>40.76000,-74.07000...-73.89000
287893,Front,Alive,Good,Yes,<40.63000,<-74.07000
69792,Front,Alive,Poor,No,>40.76000,-74.07000...-73.89000
447556,Front,Alive,Good,No,40.63000...40.76000,-74.07000...-73.89000
302937,Front,Alive,Good,Yes,40.63000...40.76000,-74.07000...-73.89000
134619,Front,Alive,Good,No,40.63000...40.76000,-74.07000...-73.89000
30421,Front,Alive,Good,No,<40.63000,>-73.89000
442913,Front,Alive,Good,No,>40.76000,-74.07000...-73.89000
281969,Front,Alive,Poor,No,<40.63000,<-74.07000
513626,Front,Alive,Good,No,40.63000...40.76000,>-73.89000
714331,Nearby,Alive,Good,No,>40.76000,>-73.89000
501290,Front,Alive,Good,No,<40.63000,>-73.89000
482669,Front,Alive,Good,No,<40.63000,<-74.07000
336459,Side,Alive,Good,Yes,>40.76000,>-73.89000
619959,Side,Alive,Good,No,40.63000...40.76000,>-73.89000
95088,Front,Alive,Good,No,>40.76000,>-73.89000
334201,Front,Alive,Good,No,<40.63000,<-74.07000
511331,Nearby,Alive,Fair,No,<40.63000,-74.07000...-73.89000
654131,Side,Alive,Good,No,40.63000...40.76000,>-73.89000
560880,Front,Alive,Good,No,<40.63000,<-74.07000
252519,Nearby,Alive,Good,No,40.63000...40.76000,>-73.89000
321640,Front,Alive,Good,No,>40.76000,-74.07000...-73.89000
556186,Front,Alive,Good,No,40.63000...40.76000,>-73.89000
375015,Front,Alive,Good,No,40.63000...40.76000,>-73.89000
58840,Front,Alive,Good,No,<40.63000,-74.07000...-73.89000
197312,Front,Alive,Good,No,40.63000...40.76000,-74.07000...-73.89000
218736,Front,Alive,Good,Yes,40.63000...40.76000,>-73.89000
328665,Front,Alive,Good,No,40.63000...40.76000,>-73.89000
608708,Side,Alive,Good,Yes,>40.76000,-74.07000...-73.89000
72210,Side,Alive,Good,No,<40.63000,<-74.07000
530703,Nearby,Alive,Good,No,>40.76000,>-73.89000
490033,Front,Alive,Good,No,40.63000...40.76000,>-73.89000
717064,Front,Alive,Good,Yes,<40.63000,-74.07000...-73.89000
691355,Front,Alive,Good,No,40.63000...40.76000,>-73.89000
149409,Front,Alive,Good,Yes,40.63000...40.76000,>-73.89000
721234,Front,Alive,Good,No,>40.76000,-74.07000...-73.89000
92462,Front,Alive,Good,Yes,40.63000...40.76000,-74.07000...-73.89000
586855,Front,Alive,Good,No,<40.63000,<-74.07000
380300,Side,Alive,Good,No,<40.63000,-74.07000...-73.89000
347358,Side,Alive,Good,Yes,>40.76000,>-73.89000
500114,Nearby,Alive,Good,Yes,40.63000...40.76000,>-73.89000
234489,Nearby,Alive,Good,No,40.63000...40.76000,>-73.89000
670539,Nearby,Alive,Good,Yes,40.63000...40.76000,>-73.89000
575107,Front,Alive,Good,No,<40.63000,-74.07000...-73.89000
192232,Front,Alive,Good,No,>40.76000,>-73.89000
334476,Front,Alive,Good,No,40.63000...40.76000,-74.07000...-73.89000
145484,Front,Alive,Good,No,>40.76000,-74.07000...-73.89000
278685,Nearby,Alive,Good,Yes,40.63000...40.76000,>-73.89000
477160,Nearby,Alive,Good,No,40.63000...40.76000,-74.07000...-73.89000
613376,Nearby,Alive,Good,No,40.63000...40.76000,-74.07000...-73.89000
698300,Side,Stump,Stump,No,>40.76000,-74.07000...-73.89000
203596,Front,Alive,Good,Yes,40.63000...40.76000,>-73.89000
26716,Front,Alive,Good,No,40.63000...40.76000,-74.07000...-73.89000
618773,Front,Alive,Good,No,40.63000...40.76000,<-74.07000
291075,Front,Alive,Good,No,40.63000...40.76000,>-73.89000
128580,Nearby,Alive,Good,No,40.63000...40.76000,-74.07000...-73.89000
274410,Front,Alive,Poor,No,<40.63000,<-74.07000
374818,Front,Alive,Good,Yes,40.63000...40.76000,-74.07000...-73.89000
72738,Front,Alive,Fair,No,<40.63000,<-74.07000
267564,Nearby,Alive,Good,No,40.63000...40.76000,>-73.89000
610844,Front,Alive,Fair,No,40.63000...40.76000,>-73.89000
440084,Front,Alive,Good,Yes,<40.63000,<-74.07000
355457,Front,Alive,Good,No,40.63000...40.76000,>-73.89000
664794,Side,Alive,Fair,No,40.63000...40.76000,-74.07000...-73.89000
393712,Nearby/Nearby,Alive,Good,No,40.63000...40.76000,>-73.89000
571419,Front,Alive,Good,No,>40.76000,-74.07000...-73.89000
418781,Front,Alive,Fair,No,40.63000...40.76000,>-73.89000
177897,Front,Alive,Good,No,40.63000...40.76000,-74.07000...-73.89000
30565,Nearby,Alive,Good,No,<40.63000,<-74.07000
378804,Front,Alive,Good,Yes,40.63000...40.76000,-74.07000...-73.89000
401113,Side,Alive,Good,No,40.63000...40.76000,-74.07000...-73.89000
444305,Front,Alive,Good,No,40.63000...40.76000,>-73.89000
681664,Nearby,Alive,Fair,No,>40.76000,>-73.89000
399334,Front,Alive,Fair,Yes,40.63000...40.76000,-74.07000...-73.89000
544835,Nearby/Side,Alive,Good,Yes,>40.76000,-74.07000...-73.89000
344340,Nearby,Alive,Good,No,>40.76000,-74.07000...-73.89000
194833,Front,Alive,Good,No,>40.76000,>-73.89000
401448,Nearby,Alive,Good,No,<40.63000,-74.07000...-73.89000
685648,Nearby,Alive,Good,No,40.63000...40.76000,>-73.89000
325432,Front,Alive,Fair,No,>40.76000,>-73.89000
501205,Front,Alive,Good,No,<40.63000,<-74.07000
161627,Front,Alive,Good,No,>40.76000,>-73.89000
503037,Front,Alive,Fair,No,>40.76000,>-73.89000
562160,Front,Alive,Good,No,<40.63000,<-74.07000
531397,Nearby,Alive,Good,No,40.63000...40.76000,>-73.89000
420602,Front,Alive,Good,No,>40.76000,>-73.89000
690644,Front,Alive,Good,Yes,40.63000...40.76000,-74.07000...-73.89000
262507,Front,Alive,Good,No,<40.63000,>-73.89000
548246,Front,Alive,Good,No,<40.63000,<-74.07000
48720,Front,Alive,Good,Yes,40.63000...40.76000,>-73.89000
449784,Front,Alive,Fair,No,40.63000...40.76000,>-73.89000
122864,Front,Alive,Good,No,>40.76000,-74.07000...-73.89000
330846,Front,Alive,Good,No,40.63000...40.76000,>-73.89000
521198,Nearby,Alive,Fair,No,40.63000...40.76000,>-73.89000
712528,Side,Alive,Good,No,40.63000...40.76000,>-73.89000
329702,Front,Alive,Good,No,<40.63000,<-74.07000
480692,Front,Alive,Good,No,40.63000...40.76000,>-73.89000
315630,Front,Alive,Fair,Yes,40.63000...40.76000,-74.07000...-73.89000
694467,Front,Alive,Good,No,40.63000...40.76000,-74.07000...-73.89000
612093,Front,Alive,Good,No,>40.76000,-74.07000...-73.89000
471118,Front,Alive,Fair,No,40.63000...40.76000,>-73.89000
707588,Front,Alive,Good,Yes,40.63000...40.76000,>-73.89000
125937,Front,Alive,Good,No,<40.63000,-74.07000...-73.89000
702263,Front,Alive,Good,No,40.63000...40.76000,-74.07000...-73.89000
672228,Front,Alive,Fair,No,40.63000...40.76000,>-73.89000
355262,Front,Alive,Good,No,40.63000...40.76000,>-73.89000
591443,Front,Alive,Good,No,40.63000...40.76000,>-73.89000
561462,Front,Alive,Good,No,40.63000...40.76000,-74.07000...-73.89000
408175,Front,Alive,Good,Yes,>40.76000,>-73.89000
402414,Front,Alive,Good,No,40.63000...40.76000,-74.07000...-73.89000
177667,Front,Alive,Good,No,40.63000...40.76000,>-73.89000
677896,Front,Alive,Good,No,>40.76000,>-73.89000
501039,Front,Alive,Good,No,>40.76000,-74.07000...-73.89000
239924,Nearby,Alive,Fair,No,40.63000...40.76000,>-73.89000
575529,Nearby,Alive,Good,No,40.63000...40.76000,>-73.89000
43162,Nearby/Side,Alive,Poor,No,>40.76000,-74.07000...-73.89000
248528,Nearby,Alive,Good,Yes,<40.63000,-74.07000...-73.89000
378477,Nearby,Alive,Good,No,>40.76000,>-73.89000
512654,Front,Alive,Good,No,>40.76000,-74.07000...-73.89000
452303,Front,Alive,Fair,No,>40.76000,>-73.89000
475506,Front,Alive,Good,No,<40.63000,>-73.89000
250810,Front,Alive,Good,No,40.63000...40.76000,-74.07000...-73.89000
546116,Nearby,Alive,Good,No,<40.63000,-74.07000...-73.89000
206071,Nearby,Dead,Dead,No,>40.76000,-74.07000...-73.89000
392430,Front,Alive,Good,No,40.63000...40.76000,-74.07000...-73.89000
455986,Side,Alive,Good,No,<40.63000,<-74.07000
67288,Front,Alive,Good,No,40.63000...40.76000,-74.07000...-73.89000
175395,Front,Alive,Good,No,40.63000...40.76000,>-73.89000
567471,Front,Alive,Good,No,>40.76000,>-73.89000
120551,Front,Alive,Good,No,40.63000...40.76000,>-73.89000
661776,Nearby,Alive,Good,No,>40.76000,-74.07000...-73.89000
429820,Front,Alive,Good,No,40.63000...40.76000,>-73.89000
412545,Side,Dead,Dead,No,>40.76000,-74.07000...-73.89000
239684,Side,Alive,Good,No,>40.76000,>-73.89000
227014,Side,Alive,Good,No,40.63000...40.76000,>-73.89000
610446,Front,Alive,Good,No,40.63000...40.76000,>-73.89000
227453,Side,Alive,Good,No,>40.76000,>-73.89000
157582,Front,Dead,Dead,No,<40.63000,-74.07000...-73.89000
254910,Front,Alive,Good,No,<40.63000,<-74.07000
342018,Front,Alive,Poor,No,>40.76000,-74.07000...-73.89000
289237,Side,Alive,Good,No,>40.76000,-74.07000...-73.89000
167428,Front,Alive,Good,No,40.63000...40.76000,-74.07000...-73.89000
419632,Front,Alive,Good,No,>40.76000,-74.07000...-73.89000
50209,Nearby,Alive,Good,No,>40.76000,>-73.89000
512633,Nearby,Alive,Good,No,>40.76000,-74.07000...-73.89000
471607,Front,Alive,Good,No,40.63000...40.76000,-74.07000...-73.89000
179582,Side,Alive,Good,No,<40.63000,-74.07000...-73.89000
312240,Front,Alive,Good,No,>40.76000,>-73.89000
501118,Nearby,Alive,Good,No,>40.76000,>-73.89000
399549,Front,Alive,Fair,No,<40.63000,<-74.07000
512063,Side,Alive,Fair,No,40.63000...40.76000,>-73.89000
450876,Nearby,Alive,Good,No,<40.63000,-74.07000...-73.89000
291721,Nearby,Alive,Good,No,<40.63000,<-74.07000
490762,Front,Alive,Good,No,40.63000...40.76000,<-74.07000
421185,Nearby,Alive,Good,No,>40.76000,>-73.89000
232793,Front,Alive,Good,No,>40.76000,>-73.89000
214815,Front,Alive,Good,No,40.63000...40.76000,-74.07000...-73.89000
454281,Front,Alive,Fair,No,40.63000...40.76000,>-73.89000
635061,Front,Alive,Good,No,40.63000...40.76000,-74.07000...-73.89000
296179,Front,Alive,Good,No,40.63000...40.76000,>-73.89000
665996,Side,Alive,Good,No,40.63000...40.76000,-74.07000...-73.89000
121424,Front,Alive,Good,Yes,<40.63000,>-73.89000
133608,Front,Alive,Good,Yes,40.63000...40.76000,>-73.89000
609326,Front,Alive,Good,No,40.63000...40.76000,-74.07000...-73.89000
72721,Front,Alive,Good,No,<40.63000,<-74.07000
26590,Front,Alive,Good,No,<40.63000,-74.07000...-73.89000
627018,Front,Stump,Stump,No,>40.76000,>-73.89000
357972,Front,Alive,Good,No,>40.76000,>-73.89000
490513,Nearby,Alive,Good,Yes,40.63000...40.76000,>-73.89000
619595,Front,Alive,Fair,No,>40.76000,>-73.89000
275634,Front,Alive,Good,No,<40.63000,<-74.07000
462447,Front,Alive,Good,No,<40.63000,-74.07000...-73.89000
614851,Nearby,Alive,Good,No,>40.76000,-74.07000...-73.89000
337356,Nearby,Alive,Good,No,<40.63000,-74.07000...-73.89000
433085,Nearby,Alive,Good,No,40.63000...40.76000,-74.07000...-73.89000
569128,Nearby,Alive,Good,Yes,<40.63000,-74.07000...-73.89000
265279,Front,Alive,Good,Yes,>40.76000,>-73.89000
557124,Side,Alive,Good,Yes,<40.63000,-74.07000...-73.89000
311480,Nearby,Alive,Good,No,40.63000...40.76000,>-73.89000
684731,Nearby,Alive,Good,Yes,40.63000...40.76000,>-73.89000
574139,Side,Alive,Good,Yes,<40.63000,<-74.07000
421289,Nearby,Alive,Good,No,40.63000...40.76000,>-73.89000
691800,Nearby,Alive,Good,No,>40.76000,>-73.89000
17752,Nearby/Side,Dead,Dead,No,<40.63000,>-73.89000
545576,Front,Alive,Good,No,>40.76000,>-73.89000
319973,Nearby,Alive,Good,No,<40.63000,-74.07000...-73.89000
215398,Front,Alive,Fair,No,>40.76000,>-73.89000
503980,Nearby,Alive,Good,Yes,<40.63000,-74.07000...-73.89000
95630,Nearby,Alive,Good,Yes,40.63000...40.76000,>-73.89000
66355,Side,Alive,Good,No,40.63000...40.76000,-74.07000...-73.89000
645314,Front,Alive,Good,No,40.63000...40.76000,>-73.89000
407214,Front,Alive,Good,No,40.63000...40.76000,>-73.89000
632644,Front,Alive,Good,Yes,>40.76000,-74.07000...-73.89000
64034,Front,Alive,Good,No,40.63000...40.76000,-74.07000...-73.89000
221140,Front,Alive,Fair,No,<40.63000,<-74.07000
521167,Side,Alive,Good,No,<40.63000,<-74.07000
487941,Front,Alive,Good,No,40.63000...40.76000,>-73.89000
608564,Nearby,Alive,Good,Yes,40.63000...40.76000,>-73.89000
581189,Front,Alive,Good,No,>40.76000,>-73.89000
362110,Front,Alive,Good,No,>40.76000,>-73.89000
659487,Front,Alive,Good,No,>40.76000,>-73.89000
425461,Front,Alive,Good,No,>40.76000,>-73.89000
367279,Front,Alive,Fair,No,<40.63000,>-73.89000
173084,Nearby,Alive,Good,No,<40.63000,<-74.07000
496631,Front,Alive,Good,No,40.63000...40.76000,>-73.89000
615421,Front,Alive,Good,No,>40.76000,>-73.89000
225543,Side,Alive,Good,No,40.63000...40.76000,>-73.89000
621278,Front,Alive,Poor,No,40.63000...40.76000,-74.07000...-73.89000
194469,Side,Alive,Good,Yes,<40.63000,-74.07000...-73.89000
339281,Front,Alive,Fair,Yes,40.63000...40.76000,-74.07000...-73.89000
420048,Front,Alive,Poor,No,<40.63000,<-74.07000
209324,Front,Alive,Good,No,40.63000...40.76000,-74.07000...-73.89000
57841,Side,Alive,Good,Yes,<40.63000,-74.07000...-73.89000
319791,Nearby,Alive,Good,No,>40.76000,>-73.89000
335006,Side,Alive,Fair,No,40.63000...40.76000,>-73.89000
206728,Front,Alive,Fair,No,40.63000...40.76000,>-73.89000
721564,Nearby,Alive,Good,No,40.63000...40.76000,-74.07000...-73.89000
262609,Front,Alive,Good,No,>40.76000,>-73.89000
214409,Front,Alive,Good,No,<40.63000,<-74.07000
508804,Nearby,Alive,Good,Yes,40.63000...40.76000,-74.07000...-73.89000
36728,Front,Alive,Good,Yes,40.63000...40.76000,>-73.89000
649782,Front,Alive,Good,No,<40.63000,-74.07000...-73.89000
337612,Nearby,Alive,Fair,Yes,40.63000...40.76000,-74.07000...-73.89000
236577,Front,Alive,Good,No,40.63000...40.76000,>-73.89000
132413,Front,Alive,Good,No,40.63000...40.76000,>-73.89000
589542,Nearby,Stump,Stump,No,>40.76000,-74.07000...-73.89000
33589,Front,Alive,Good,No,<40.63000,-74.07000...-73.89000
676558,Nearby,Alive,Good,No,>40.76000,>-73.89000
65113,Side,Alive,Good,No,40.63000...40.76000,-74.07000...-73.89000
109850,Front,Alive,Good,No,>40.76000,>-73.89000
299546,Front,Alive,Good,No,<40.63000,<-74.07000
217422,Front,Alive,Good,No,<40.63000,<-74.07000
335876,Front,Alive,Good,Yes,40.63000...40.76000,-74.07000...-73.89000
305249,Front,Alive,Good,No,<40.63000,<-74.07000
531457,Nearby,Alive,Good,Yes,40.63000...40.76000,-74.07000...-73.89000
220543,Front,Alive,Good,Yes,40.63000...40.76000,-74.07000...-73.89000
246572,Front,Alive,Good,No,40.63000...40.76000,>-73.89000
716541,Side,Alive,Fair,No,40.63000...40.76000,>-73.89000
586087,Front,Alive,Good,No,40.63000...40.76000,-74.07000...-73.89000
619396,Front,Alive,Good,No,40.63000...40.76000,-74.07000...-73.89000
413316,Front,Alive,Good,No,40.63000...40.76000,>-73.89000
276482,Front,Alive,Fair,No,<40.63000,<-74.07000
523910,Side,Alive,Fair,Yes,<40.63000,<-74.07000
177373,Side,Alive,Good,No,<40.63000,<-74.07000
356021,Front,Alive,Fair,No,40.63000...40.76000,>-73.89000
11889,Front,Alive,Good,No,>40.76000,-74.07000...-73.89000
465535,Nearby,Alive,Fair,No,40.63000...40.76000,-74.07000...-73.89000
217044,Nearby,Dead,Dead,No,>40.76000,-74.07000...-73.89000
280393,Front,Alive,Good,Yes,<40.63000,-74.07000...-73.89000
291888,Nearby,Alive,Good,Yes,<40.63000,<-74.07000
53257,Front,Alive,Good,No,>40.76000,>-73.89000
713182,Side,Alive,Good,Yes,40.63000...40.76000,-74.07000...-73.89000
161390,Front,Alive,Good,No,>40.76000,>-73.89000
272658,Nearby,Alive,Fair,No,>40.76000,-74.07000...-73.89000
219880,Front,Alive,Good,No,<40.63000,>-73.89000
463922,Front,Alive,Fair,No,<40.63000,-74.07000...-73.89000
179249,Nearby,Alive,Good,No,>40.76000,>-73.89000
396567,Front,Alive,Good,No,40.63000...40.76000,>-73.89000
223093,Front,Alive,Fair,No,>40.76000,-74.07000...-73.89000
266356,Front,Stump,Stump,No,40.63000...40.76000,>-73.89000
637412,Side,Alive,Poor,No,<40.63000,<-74.07000
51067,Side,Alive,Poor,No,<40.63000,<-74.07000
324416,Front,Alive,Good,No,>40.76000,>-73.89000
510134,Nearby,Alive,Good,No,40.63000...40.76000,-74.07000...-73.89000
128507,Front,Alive,Good,No,40.63000...40.76000,-74.07000...-73.89000
248078,Front,Alive,Good,Yes,>40.76000,-74.07000...-73.89000
112766,Front,Alive,Poor,No,>40.76000,>-73.89000
251220,Front,Alive,Good,No,40.63000...40.76000,>-73.89000
8105,Front,Alive,Good,No,40.63000...40.76000,-74.07000...-73.89000
343037,Front,Alive,Fair,No,<40.63000,-74.07000...-73.89000
288883,Front,Alive,Good,No,40.63000...40.76000,>-73.89000
388125,Side,Dead,Dead,No,<40.63000,<-74.07000
400984,Front,Dead,Dead,No,40.63000...40.76000,-74.07000...-73.89000
155797,Nearby,Alive,Good,No,<40.63000,<-74.07000
498946,Front,Alive,Good,No,40.63000...40.76000,-74.07000...-73.89000
203864,Side,Alive,Fair,Yes,40.63000...40.76000,>-73.89000
455587,Side,Alive,Fair,No,<40.63000,<-74.07000
648634,Nearby,Alive,Good,No,40.63000...40.76000,>-73.89000
66778,Nearby,Alive,Good,No,<40.63000,-74.07000...-73.89000
637562,Front,Alive,Good,No,>40.76000,-74.07000...-73.89000
119891,Front,Alive,Good,No,40.63000...40.76000,>-73.89000
415453,Front,Alive,Good,No,<40.63000,<-74.07000
528867,Front,Alive,Good,No,>40.76000,-74.07000...-73.89000
106724,Nearby,Alive,Good,No,<40.63000,<-74.07000
107991,Front,Alive,Good,No,<40.63000,<-74.07000
308369,Front,Alive,Good,No,40.63000...40.76000,>-73.89000
612172,Nearby,Alive,Good,No,40.63000...40.76000,>-73.89000
561540,Front,Alive,Poor,No,40.63000...40.76000,>-73.89000
388120,Front,Alive,Good,No,<40.63000,<-74.07000
297599,Side,Alive,Good,No,>40.76000,-74.07000...-73.89000
22147,Front,Alive,Good,No,<40.63000,<-74.07000
534765,Side,Alive,Good,No,40.63000...40.76000,-74.07000...-73.89000
247031,Front,Alive,Fair,Yes,>40.76000,-74.07000...-73.89000
257645,Nearby,Alive,Good,Yes,>40.76000,-74.07000...-73.89000
101512,Front,Alive,Good,No,>40.76000,>-73.89000
507019,Front,Alive,Good,Yes,40.63000...40.76000,-74.07000...-73.89000
200698,Front,Alive,Good,No,<40.63000,<-74.07000
527905,Nearby,Alive,Good,No,>40.76000,>-73.89000
284179,Front,Alive,Good,No,<40.63000,<-74.07000
536448,Nearby,Alive,Fair,No,<40.63000,<-74.07000
23847,Front,Alive,Good,No,40.63000...40.76000,-74.07000...-73.89000
691006,Front,Alive,Good,No,<40.63000,-74.07000...-73.89000
206619,Front,Alive,Good,No,40.63000...40.76000,>-73.89000
10485,Front,Alive,Fair,No,40.63000...40.76000,>-73.89000
170905,Side,Alive,Good,Yes,<40.63000,<-74.07000
658200,Front,Alive,Good,No,<40.63000,-74.07000...-73.89000
365300,Front,Dead,Dead,No,40.63000...40.76000,-74.07000...-73.89000
329594,Side,Alive,Good,No,40.63000...40.76000,-74.07000...-73.89000
639085,Front,Alive,Good,Yes,40.63000...40.76000,-74.07000...-73.89000
183131,Nearby,Alive,Fair,Yes,<40.63000,<-74.07000
202930,Front,Alive,Fair,Yes,>40.76000,>-73.89000
96170,Front,Alive,Poor,No,>40.76000,-74.07000...-73.89000
251192,Front,Alive,Good,Yes,<40.63000,>-73.89000
374853,Front,Stump,Stump,No,40.63000...40.76000,-74.07000...-73.89000
280680,Front,Alive,Good,No,40.63000...40.76000,-74.07000...-73.89000
578596,Front,Alive,Good,No,40.63000...40.76000,-74.07000...-73.89000
456786,Front,Alive,Good,No,40.63000...40.76000,>-73.89000
687941,Side,Alive,Good,No,>40.76000,>-73.89000
235701,Front,Alive,Good,No,>40.76000,>-73.89000
586788,Front,Alive,Good,Yes,40.63000...40.76000,>-73.89000
246284,Front,Alive,Good,No,>40.76000,>-73.89000
364779,Front,Alive,Good,No,40.63000...40.76000,-74.07000...-73.89000
375929,Nearby,Stump,Stump,No,<40.63000,>-73.89000
171910,Front,Alive,Good,No,40.63000...40.76000,>-73.89000
327015,Front,Alive,Good,No,>40.76000,>-73.89000
496066,Front,Alive,Good,No,>40.76000,-74.07000...-73.89000
191181,Nearby,Alive,Good,No,<40.63000,<-74.07000
523968,Front,Alive,Good,Yes,40.63000...40.76000,-74.07000...-73.89000
618007,Side,Alive,Good,No,40.63000...40.76000,>-73.89000
593962,Nearby,Alive,Good,No,>40.76000,>-73.89000
59507,Front,Alive,Fair,No,>40.76000,-74.07000...-73.89000
479137,Side,Alive,Poor,No,40.63000...40.76000,>-73.89000
257704,Front,Alive,Fair,No,40.63000...40.76000,-74.07000...-73.89000
277269,Front,Alive,Good,No,>40.76000,>-73.89000
596804,Nearby/Side,Alive,Good,No,40.63000...40.76000,>-73.89000
390385,Front,Alive,Poor,No,<40.63000,<-74.07000
554821,Front,Alive,Fair,No,40.63000...40.76000,-74.07000...-73.89000
110820,Front,Alive,Good,No,>40.76000,-74.07000...-73.89000
266505,Front,Alive,Good,No,40.63000...40.76000,-74.07000...-73.89000
461926,Front,Alive,Good,No,40.63000...40.76000,>-73.89000
567380,Front,Alive,Fair,No,>40.76000,>-73.89000
354059,Front,Alive,Good,Yes,40.63000...40.76000,-74.07000...-73.89000
136847,Side,Alive,Fair,Yes,>40.76000,-74.07000...-73.89000
151056,Side,Alive,Fair,No,40.63000...40.76000,>-73.89000
435422,Front,Alive,Good,No,<40.63000,<-74.07000
395319,Front,Alive,Good,Yes,<40.63000,<-74.07000
62479,Nearby,Alive,Poor,No,40.63000...40.76000,>-73.89000
245914,Front,Alive,Good,No,>40.76000,>-73.89000
509200,Side,Alive,Good,No,40.63000...40.76000,>-73.89000
227719,Front,Alive,Fair,No,40.63000...40.76000,>-73.89000
644214,Side,Alive,Good,Yes,>40.76000,>-73.89000
441766,Side,Alive,Good,No,40.63000...40.76000,>-73.89000
430475,Front,Alive,Poor,Yes,40.63000...40.76000,-74.07000...-73.89000
207730,Nearby,Alive,Good,No,40.63000...40.76000,-74.07000...-73.89000
92887,Front,Alive,Good,No,<40.63000,-74.07000...-73.89000
319181,Nearby,Alive,Good,No,<40.63000,-74.07000...-73.89000
228677,Front,Alive,Fair,No,40.63000...40.76000,>-73.89000
609198,Side,Alive,Good,No,>40.76000,>-73.89000
442131,Front,Alive,Good,No,<40.63000,<-74.07000
527247,Front,Alive,Good,Yes,<40.63000,-74.07000...-73.89000
645563,Side,Alive,Good,No,<40.63000,<-74.07000
212244,Front,Alive,Good,No,<40.63000,<-74.07000
406153,Side,Alive,Good,No,<40.63000,<-74.07000
466801,Front,Alive,Good,No,<40.63000,-74.07000...-73.89000
707095,Nearby,Alive,Good,No,<40.63000,-74.07000...-73.89000
26793,Front,Alive,Good,No,40.63000...40.76000,>-73.89000
594125,Front,Dead,Dead,No,40.63000...40.76000,>-73.89000
648845,Front,Alive,Good,No,<40.63000,<-74.07000
535882,Front,Alive,Good,No,<40.63000,>-73.89000
153059,Front,Alive,Good,No,<40.63000,-74.07000...-73.89000
669146,Front,Alive,Good,No,40.63000...40.76000,-74.07000...-73.89000
304260,Side,Alive,Good,Yes,<40.63000,-74.07000...-73.89000
114997,Nearby,Alive,Good,Yes,<40.63000,-74.07000...-73.89000
200931,Front,Alive,Good,No,<40.63000,>-73.89000
454783,Front,Alive,Good,No,>40.76000,>-73.89000
358134,Front,Alive,Good,No,<40.63000,<-74.07000
489586,Front,Alive,Good,No,>40.76000,-74.07000...-73.89000
79912,Nearby,Alive,Good,No,40.63000...40.76000,>-73.89000
